Reading Timestamp,Ambient Temp,Ground Temp,Humidity,Wind Speed,Rainfall
06/10/2019 02:14,17.61,12.63,57.52,4.45,0
06/10/2019 02:12,17.6,12.63,57.66,3.1,0
06/10/2019 02:10,17.58,12.63,57.64,4.89,0
06/10/2019 02:08,17.61,12.63,57.55,3.47,0
06/10/2019 02:06,17.59,12.63,57.49,5.17,0
06/10/2019 02:04,17.58,12.63,57.58,3.91,0
06/10/2019 02:02,17.56,12.63,57.51,4.55,0
06/10/2019 02:00,17.54,12.63,57.73,4.13,0
06/10/2019 01:58,17.53,12.63,57.36,4.65,0
06/10/2019 01:56,17.53,12.56,57.73,3.72,0
06/10/2019 01:54,17.5,12.56,57.63,4.51,0
06/10/2019 01:52,17.49,12.56,57.72,3.97,0
06/10/2019 01:50,17.45,12.56,57.59,5.37,0
06/10/2019 01:48,17.45,12.56,57.84,5.89,0
06/10/2019 01:46,17.45,12.56,57.74,5.35,0
06/10/2019 01:44,17.44,12.56,57.86,4.81,0
06/10/2019 01:42,17.4,12.56,57.72,5.84,0
06/10/2019 01:40,17.4,12.56,57.85,5.77,0
06/10/2019 01:38,17.41,12.56,57.98,4.05,0
06/10/2019 01:36,17.37,12.56,57.97,5.7,0
06/10/2019 01:34,17.39,12.56,57.78,5.7,0
06/10/2019 01:32,17.39,12.56,57.83,3.91,0
06/10/2019 01:30,17.4,12.56,57.98,4.97,0
06/10/2019 01:28,17.38,12.56,57.88,4.43,0
06/10/2019 01:26,17.34,12.56,58.01,4.71,0
06/10/2019 01:24,17.32,12.5,58.12,4.45,0
06/10/2019 01:22,17.31,12.56,58.03,5.78,0
06/10/2019 01:20,17.35,12.5,57.75,4.41,0
06/10/2019 01:18,17.37,12.56,57.86,3.42,0
06/10/2019 01:16,17.35,12.5,57.86,4.55,0
06/10/2019 01:14,17.37,12.56,57.97,3.27,0
06/10/2019 01:12,17.38,12.5,57.81,3.75,0
06/10/2019 01:10,17.37,12.5,57.64,4.81,0
06/10/2019 01:08,17.41,12.56,57.55,4.65,0
06/10/2019 01:06,17.4,12.5,57.46,4.67,0
06/10/2019 01:04,17.44,12.5,57.63,3.92,0
06/10/2019 01:02,17.47,12.56,57.56,2.74,0
06/10/2019 01:00,17.46,12.5,57.32,4.09,0
06/10/2019 00:58,17.46,12.5,57.46,3.52,0
06/10/2019 00:56,17.46,12.5,57.36,3.5,0
06/10/2019 00:54,17.47,12.5,57.45,3.17,0
06/10/2019 00:52,17.46,12.5,57.37,4.13,0
06/10/2019 00:50,17.46,12.5,57.38,2.17,0
06/10/2019 00:48,17.45,12.5,57.68,2.36,0
06/10/2019 00:46,17.41,12.56,57.42,3.85,0
06/10/2019 00:44,17.45,12.56,57.67,2.66,0
06/10/2019 00:42,17.44,12.56,57.88,1.84,0
06/10/2019 00:40,17.44,12.5,57.83,1.98,0
06/10/2019 00:38,17.4,12.5,57.6,3.16,0
06/10/2019 00:36,17.4,12.5,57.81,2.62,0
06/10/2019 00:34,17.38,12.5,57.81,2.66,0
06/10/2019 00:32,17.36,12.5,58.17,2.09,0
06/10/2019 00:30,17.33,12.5,58.6,1.58,0
06/10/2019 00:28,17.28,12.5,58.66,1.78,0
06/10/2019 00:26,17.23,12.5,58.9,1.2,0
06/10/2019 00:24,17.17,12.5,58.92,2.8,0
06/10/2019 00:22,17.15,12.5,59.01,3.5,0
06/10/2019 00:20,17.09,12.5,59.14,3.57,0
06/10/2019 00:18,17.03,12.5,59.33,5.21,0
06/10/2019 00:16,17.05,12.5,59.49,4.94,0
06/10/2019 00:14,17.02,12.56,59.34,5.74,0
06/10/2019 00:12,17.06,12.5,59.53,4.99,0
06/10/2019 00:10,17.07,12.5,59.48,4.71,0
06/10/2019 00:08,17.07,12.5,59.33,5.52,0
06/10/2019 00:06,17.11,12.5,59.18,5.64,0
06/10/2019 00:04,17.15,12.5,59.26,4.69,0
06/10/2019 00:02,17.16,12.5,59.08,3.46,0
06/10/2019 00:00,17.13,12.5,59.22,4.65,0
05/10/2019 23:58,17.11,12.56,59.05,5.13,0
05/10/2019 23:56,17.14,12.56,59.01,4.45,0
05/10/2019 23:54,17.15,12.5,59.04,3.49,0
05/10/2019 23:52,17.14,12.5,58.97,4.39,0
05/10/2019 23:50,17.15,12.56,58.95,3.61,0
05/10/2019 23:48,17.13,12.5,58.87,3.33,0
05/10/2019 23:46,17.09,12.56,58.86,4.69,0
05/10/2019 23:44,17.15,12.56,58.69,3.77,0
05/10/2019 23:42,17.11,12.56,58.74,3.65,0
05/10/2019 23:40,17.14,12.56,58.73,3.8,0
05/10/2019 23:38,17.1,12.56,58.63,4.69,0
05/10/2019 23:36,17.14,12.56,58.66,4.17,0
05/10/2019 23:34,17.19,12.56,58.4,4.93,0
05/10/2019 23:32,17.23,12.56,58.16,4.69,0
05/10/2019 23:30,17.24,12.56,58.13,3.6,0
05/10/2019 23:28,17.29,12.56,58.22,2.86,0
05/10/2019 23:26,17.26,12.56,57.86,4.32,0
05/10/2019 23:24,17.29,12.56,58.18,2.2,0
05/10/2019 23:22,17.28,12.56,58.44,2.07,0
05/10/2019 23:20,17.28,12.56,58.35,2.08,0
05/10/2019 23:18,17.25,12.56,58.47,2.51,0
05/10/2019 23:16,17.24,12.63,58.79,1.56,0
05/10/2019 23:14,17.21,12.56,58.85,1.42,0
05/10/2019 23:12,17.2,12.63,58.9,1.35,0
05/10/2019 23:10,17.17,12.63,58.92,2.43,0
05/10/2019 23:08,17.15,12.63,59.07,1.24,0
05/10/2019 23:06,17.13,12.63,59.1,2.36,0
05/10/2019 23:04,17.08,12.63,58.8,1.85,0
05/10/2019 23:02,17.08,12.63,59.27,2.8,0
05/10/2019 23:00,17.06,12.63,59.31,3.66,0
05/10/2019 22:58,17.05,12.63,59.48,3.49,0
05/10/2019 22:56,17.04,12.63,59.42,3.17,0
05/10/2019 22:54,17.05,12.63,59.28,3.99,0
05/10/2019 22:52,17.03,12.63,59.29,3.52,0
05/10/2019 22:50,17.04,12.69,59.33,3.77,0
05/10/2019 22:48,17.02,12.69,59.36,4.69,0
05/10/2019 22:46,17.03,12.69,59.4,3.6,0
05/10/2019 22:44,17.05,12.63,59.24,4.03,0
05/10/2019 22:42,17.05,12.69,59.32,3.09,0
05/10/2019 22:40,17.01,12.69,59.32,4.59,0
05/10/2019 22:38,17.01,12.69,59.31,4.27,0
05/10/2019 22:36,17.01,12.69,59.63,4.71,0
05/10/2019 22:34,17,12.69,59.65,4.45,0.28
05/10/2019 22:32,16.98,12.69,59.71,4.67,0
05/10/2019 22:30,16.96,12.69,59.65,5.55,0
05/10/2019 22:28,16.94,12.69,59.63,4.99,0
05/10/2019 22:26,16.99,12.69,59.76,3.52,0.28
05/10/2019 22:24,16.91,12.69,59.6,5.35,0
05/10/2019 22:22,16.94,12.75,59.71,4.47,0
05/10/2019 22:20,16.93,12.75,59.85,4.97,0
05/10/2019 22:18,16.94,12.75,59.77,6.68,0
05/10/2019 22:16,17.04,12.75,59.53,5.48,0
05/10/2019 22:14,17.03,12.75,59.49,6.57,0
05/10/2019 22:12,17.11,12.75,59.2,7.04,0.28
05/10/2019 22:10,17.21,12.75,59.25,3.27,0
05/10/2019 22:08,17.2,12.75,59.21,4.59,0
05/10/2019 22:06,17.22,12.75,59.24,4.12,0.28
05/10/2019 22:04,17.23,12.81,59.13,4.46,0
05/10/2019 22:02,17.24,12.75,59.03,4.45,0
05/10/2019 22:00,17.25,12.81,58.91,4.15,0
05/10/2019 21:58,17.28,12.81,58.71,5.26,0.28
05/10/2019 21:56,17.3,12.81,58.95,3.76,0
05/10/2019 21:54,17.31,12.81,58.8,3.49,0
05/10/2019 21:52,17.31,12.81,58.91,4.1,0
05/10/2019 21:50,17.33,12.81,58.58,4.14,0
05/10/2019 21:48,17.35,12.81,58.69,3.99,0.28
05/10/2019 21:46,17.36,12.81,58.45,3.31,0
05/10/2019 21:44,17.36,12.88,58.55,3.53,0
05/10/2019 21:42,17.36,12.81,58.54,4.11,0
05/10/2019 21:40,17.34,12.81,58.44,4.75,0.28
05/10/2019 21:38,17.37,12.88,58.39,4.69,0
05/10/2019 21:36,17.39,12.88,58.17,4.59,0
05/10/2019 21:34,17.39,12.88,58.28,3.43,0
05/10/2019 21:32,17.4,12.88,58.35,3.58,0.28
05/10/2019 21:30,17.43,12.88,58.28,2.83,0
05/10/2019 21:28,17.39,12.88,58.17,5.07,0
05/10/2019 21:26,17.41,12.94,58.03,4.92,0.28
05/10/2019 21:24,17.45,12.94,58.03,4.77,0
05/10/2019 21:22,17.48,12.94,57.81,4.85,0
05/10/2019 21:20,17.49,12.94,57.65,4.87,0
05/10/2019 21:18,17.51,12.94,57.55,3.69,0
05/10/2019 21:16,17.54,12.94,57.62,2.61,0
05/10/2019 21:14,17.51,12.94,57.47,3.21,0.28
05/10/2019 21:12,17.53,13,57.42,3.52,0
05/10/2019 21:10,17.52,12.94,57.36,3.76,0
05/10/2019 21:08,17.53,13,57.45,3.14,0
05/10/2019 21:06,17.53,13,57.17,4.1,0.28
05/10/2019 21:04,17.53,13,57.15,4.19,0
05/10/2019 21:02,17.54,13,57.05,3.35,0
05/10/2019 21:00,17.53,13.06,57.11,3.87,0
05/10/2019 20:58,17.52,13,57,4.05,0
05/10/2019 20:56,17.52,13.06,57.18,4.1,0
05/10/2019 20:54,17.54,13.06,57.01,4.82,0
05/10/2019 20:52,17.54,13.06,56.96,3.66,0
05/10/2019 20:50,17.55,13.06,56.98,3.85,0
05/10/2019 20:48,17.54,13.06,56.87,5.53,0.28
05/10/2019 20:46,17.56,13.06,56.81,5.04,0
05/10/2019 20:44,17.61,13.06,56.5,5.71,0
05/10/2019 20:42,17.63,13.13,56.38,5.48,0
05/10/2019 20:40,17.68,13.13,56.18,4.12,0
05/10/2019 20:38,17.7,13.13,56.3,3.79,0
05/10/2019 20:36,17.68,13.13,56.1,4.75,0
05/10/2019 20:34,17.69,13.19,56.12,4.81,0.28
05/10/2019 20:32,17.69,13.19,55.89,4.36,0
05/10/2019 20:30,17.72,13.19,56.04,5.7,0
05/10/2019 20:28,17.76,13.19,55.64,4.87,0
05/10/2019 20:26,17.79,13.19,55.4,6.05,0
05/10/2019 20:24,17.87,13.19,55.21,6.08,0
05/10/2019 20:22,17.92,13.19,54.73,5.97,0
05/10/2019 20:20,17.98,13.19,54.73,4.7,0
05/10/2019 20:18,18.04,13.19,54.43,5.1,0
05/10/2019 20:16,18.08,13.19,54.21,5.25,0
05/10/2019 20:14,18.13,13.25,53.79,6.2,0
05/10/2019 20:12,18.21,13.25,53.55,5.54,0
05/10/2019 20:10,18.28,13.19,53.06,5.25,0
05/10/2019 20:08,18.36,13.19,52.61,6.07,0
05/10/2019 20:06,18.46,13.19,52.22,3.8,0
05/10/2019 20:04,18.49,13.25,51.91,4.15,0
05/10/2019 20:02,18.49,13.25,51.56,5.11,0
05/10/2019 20:00,18.5,13.25,51.51,4.33,0
05/10/2019 19:58,18.49,13.25,51.31,3.53,0
05/10/2019 19:56,18.44,13.25,51.44,4.41,0
05/10/2019 19:54,18.46,13.25,51.36,5.15,0
05/10/2019 19:52,18.44,13.25,51.42,5.19,0
05/10/2019 19:50,18.47,13.25,51.45,4.73,0
05/10/2019 19:48,18.5,13.25,51.35,4.07,0
05/10/2019 19:46,18.51,13.25,51.36,3.65,0
05/10/2019 19:44,18.5,13.25,51.37,3.87,0
05/10/2019 19:42,18.49,13.25,51.35,5.84,0
05/10/2019 19:40,18.52,13.25,51.25,4.79,0
05/10/2019 19:38,18.55,13.25,51.25,5.15,0
05/10/2019 19:36,18.62,13.25,51.16,5.35,0
05/10/2019 19:34,18.69,13.19,50.87,5.47,0
05/10/2019 19:32,18.77,13.25,51.02,4.93,0
05/10/2019 19:30,18.8,13.19,50.69,5.23,0
05/10/2019 19:28,18.84,13.25,50.55,5.49,0
05/10/2019 19:26,18.93,13.19,50.2,4.77,0
05/10/2019 19:24,18.93,13.19,49.93,4.49,0
05/10/2019 19:22,18.97,13.19,49.9,3.65,0
05/10/2019 19:20,18.92,13.19,49.71,5.41,0
05/10/2019 19:18,18.95,13.19,49.4,6.17,0
05/10/2019 19:16,19,13.19,49.51,3.8,0
05/10/2019 19:14,18.99,13.19,49.38,6.01,0
05/10/2019 19:12,19.04,13.19,49.39,4.39,0
05/10/2019 19:10,19.04,13.19,49.39,3.21,0
05/10/2019 19:08,19.04,13.19,49.42,4.45,0
05/10/2019 19:06,19.06,13.19,49.5,3.8,0
05/10/2019 19:04,19.06,13.19,49.41,3.38,0
05/10/2019 19:02,19.04,13.19,49.41,4.56,0
05/10/2019 19:00,19.04,13.19,49.58,4.15,0
05/10/2019 18:58,19.04,13.19,49.55,4.29,0
05/10/2019 18:56,19.03,13.19,49.75,3.1,0
05/10/2019 18:54,18.99,13.25,49.74,3.68,0
05/10/2019 18:52,18.96,13.31,49.91,4.01,0
05/10/2019 18:50,18.92,13.5,50.11,6.05,0
05/10/2019 18:48,18.88,13.94,50.14,5.27,0
05/10/2019 18:46,18.87,13.81,50.71,3.28,0
05/10/2019 18:44,18.8,13.81,50.6,4.21,0
05/10/2019 18:42,18.72,13.81,50.64,5.78,0
05/10/2019 18:40,18.64,13.75,51.24,4.09,0
05/10/2019 18:39,18.57,13.81,51.15,5.81,0
05/10/2019 18:38,18.52,13.75,51.24,6.13,0
05/10/2019 18:38,18.52,13.75,51.23,0.96,0
05/10/2019 18:34,18.69,13.81,50.94,4.75,0
05/10/2019 18:32,18.58,13.81,51.14,4.79,0
05/10/2019 18:30,18.49,13.88,51.37,4.91,0
05/10/2019 18:28,18.38,13.88,51.95,4.95,0
05/10/2019 18:26,18.21,13.94,52.31,6.14,0
05/10/2019 18:24,18.02,13.94,52.95,6.05,0
05/10/2019 18:22,17.79,13.94,54,4.18,0
05/10/2019 18:20,17.39,13.94,55.2,5.23,0
05/10/2019 18:18,16.94,14.13,56.62,5.73,0
05/10/2019 18:16,16.3,14.13,58.76,3.79,0
05/10/2019 18:14,15.65,14.19,60.97,5.35,0
05/10/2019 18:14,15.41,14.13,61.74,5.22,0
05/10/2019 18:13,15.14,14.19,62.79,0.14,0
05/10/2019 17:48,15.37,14,63.11,0.06,0
05/10/2019 16:18,22.17,17.06,41.49,0.08,0
05/10/2019 16:16,22.22,17.13,42.3,0,0
05/10/2019 16:14,22.27,17.13,42.15,0,0
05/10/2019 16:12,22.34,17.13,42.05,0,0
05/10/2019 16:10,22.4,17.19,41.78,0,0
05/10/2019 16:08,22.48,17.19,41.61,0,0
05/10/2019 16:06,22.57,17.25,41.31,0,0
05/10/2019 16:04,22.69,17.25,41.04,0,0
05/10/2019 16:02,22.82,17.25,40.73,0,0
05/10/2019 16:00,22.94,17.31,40.34,0,0
05/10/2019 15:58,23.13,17.31,39.94,0,0
05/10/2019 15:56,23.32,17.44,39.49,0,0
05/10/2019 15:54,23.54,17.56,38.91,0,0
05/10/2019 15:52,23.73,17.75,38.4,0.22,0
05/10/2019 15:50,23.95,18.06,37.65,0,0
05/10/2019 15:48,24.15,18.63,37.35,0,0
05/10/2019 15:46,24.23,19.94,39.91,0,0
05/10/2019 15:44,24.21,19.94,40.03,0,0
05/10/2019 15:42,24.2,19.88,39.93,0,0
05/10/2019 15:40,24.2,19.88,40.02,0,0
05/10/2019 15:38,24.2,19.88,40.07,0,0
05/10/2019 15:36,24.19,19.88,40.04,0,0
05/10/2019 15:34,24.18,19.81,40.03,0,0
05/10/2019 15:32,24.19,19.88,39.98,0,0
05/10/2019 15:30,24.19,19.81,40.05,0,0
05/10/2019 15:28,24.19,19.88,40.2,0,0
05/10/2019 15:26,24.18,19.88,40.23,0,0
05/10/2019 15:23,24.17,19.94,40.25,0,0
05/10/2019 14:46,22.91,19.94,41.84,0,0
05/10/2019 14:43,22.68,19.81,42,0,0.28
04/10/2019 18:19,27.96,21.88,33.51,0.03,0
04/10/2019 17:54,28.87,30,39.89,0,0
04/10/2019 17:53,28.85,31.88,39.99,0,0
04/10/2019 17:33,28.83,23.94,40.42,0,0
04/10/2019 17:30,40.52,45,40.52,0.01,28.82
04/10/2019 17:09,40.38,138.64,40.38,1.2,28.76
04/10/2019 17:07,40.43,90,40.43,0,28.77
04/10/2019 17:03,40.2,90,40.2,0,28.77
04/10/2019 17:02,40.15,90,40.15,0,28.77
04/10/2019 17:02,40.12,90,40.12,0,28.78
04/10/2019 17:00,40.06,90,40.06,0,28.78
04/10/2019 16:15,28.77,23.94,39.23,0,0
04/10/2019 16:10,28.74,23.88,39.13,0,0
04/10/2019 16:05,28.78,23.94,38.73,0,0
04/10/2019 16:00,28.79,24,38.65,0,0
04/10/2019 15:55,28.83,24,38.7,0,0
04/10/2019 15:50,28.89,24.06,38.59,0,0
04/10/2019 15:45,28.97,24.13,38.79,0,0
04/10/2019 15:40,29.02,24.19,38.82,0,0
04/10/2019 15:35,29.07,24.25,38.57,0,0
04/10/2019 15:30,29.15,24.31,38.76,0,0
04/10/2019 15:25,29.18,24.38,38.96,0,0
04/10/2019 15:20,29.22,24.38,38.95,0,0
04/10/2019 15:15,29.3,24.44,38.81,0,0
04/10/2019 15:10,29.34,24.5,38.96,0,0
04/10/2019 15:05,29.38,24.5,39.03,0,0
04/10/2019 15:00,29.46,24.56,38.67,0,0
04/10/2019 14:55,29.48,24.63,38.97,0,0
04/10/2019 14:50,29.5,24.63,39.24,0,0
04/10/2019 14:45,29.48,24.56,38.84,0,0
04/10/2019 14:40,29.49,24.56,38.75,0,0
04/10/2019 14:35,29.48,24.56,38.82,0,0
04/10/2019 14:30,29.48,24.56,39.11,0,0
04/10/2019 14:25,29.46,24.5,38.13,0,0
04/10/2019 14:20,29.46,24.5,38.67,0,0
04/10/2019 14:15,29.45,24.44,38.92,0,0
04/10/2019 14:12,29.44,24.44,38.99,0,0
04/10/2019 14:10,29.43,24.38,38.88,0,0
04/10/2019 14:05,29.42,24.31,38.72,0.34,0
04/10/2019 14:04,29.42,24.31,38.62,0.21,0
04/10/2019 14:00,29.41,24.31,38.59,0,0
04/10/2019 13:55,29.38,24.31,38.57,0,0
04/10/2019 13:50,29.39,24.31,38.08,0,0
04/10/2019 13:45,29.42,24.38,38.14,0,0
04/10/2019 13:40,29.44,24.31,38.07,0,0
04/10/2019 13:35,29.49,24.31,37.54,0,0
04/10/2019 13:30,29.53,24.44,37.65,0,0
04/10/2019 13:25,29.58,24.44,37.57,0,0
04/10/2019 13:20,29.63,24.44,37,0,0
04/10/2019 13:15,29.72,24.5,37.09,0,0
04/10/2019 13:10,29.8,24.5,37.06,0,0
04/10/2019 13:05,29.91,24.56,36.31,0,0
04/10/2019 13:03,29.95,24.56,35.84,0,0
04/10/2019 13:00,30.11,24.69,36.03,0,0
04/10/2019 12:55,30.25,24.81,36.3,0,0
04/10/2019 12:55,30.25,24.81,36.3,0,0
04/10/2019 12:50,30.41,25,36,0,0
04/10/2019 12:50,30.41,25,36,0,0
04/10/2019 12:45,30.49,25.19,36.35,0,0
04/10/2019 12:45,30.49,25.19,36.35,0,0
04/10/2019 12:40,30.5,25.25,36.76,0,0
04/10/2019 12:40,30.5,25.25,36.76,0,0
04/10/2019 12:35,30.41,25.19,37,0,0
04/10/2019 12:35,30.41,25.19,37,0,0
04/10/2019 12:30,30.28,25.06,37.04,0,0
04/10/2019 12:30,30.28,25.06,37.04,0,0
04/10/2019 12:25,30.12,24.94,37.16,0,0
04/10/2019 12:25,30.12,24.94,37.16,0,0
04/10/2019 12:20,30,24.81,37.42,0,0
04/10/2019 12:20,30,24.81,37.42,0,0
04/10/2019 12:15,29.83,24.69,37.21,0,0
04/10/2019 12:15,29.83,24.69,37.21,0,0
04/10/2019 12:10,29.68,24.5,37.25,0,0
04/10/2019 12:10,29.68,24.5,37.25,0,0
04/10/2019 12:00,29.34,24.25,37.4,0,0
04/10/2019 12:00,29.34,24.25,37.4,0,0
04/10/2019 12:00,29.34,24.25,37.4,0,0
04/10/2019 12:00,29.34,24.25,37.4,0,0
04/10/2019 11:58,29.28,24.25,37.48,0,0
04/10/2019 11:58,29.28,24.25,37.48,0,0
04/10/2019 11:58,29.28,24.25,37.48,0,0
04/10/2019 11:58,29.28,24.25,37.48,0,0
04/10/2019 11:58,29.28,24.25,37.48,0,0
04/10/2019 11:58,29.28,24.25,37.48,0,0
04/10/2019 11:58,29.28,24.25,37.48,0,0
04/10/2019 11:58,29.28,24.25,37.48,0,0
04/10/2019 11:55,29.12,24.13,37.46,0,0
04/10/2019 11:55,29.12,24.13,37.46,0,0
04/10/2019 11:55,29.12,24.13,37.46,0,0
04/10/2019 11:55,29.12,24.13,37.46,0,0
04/10/2019 11:55,29.12,24.13,37.46,0,0
04/10/2019 11:55,29.12,24.13,37.46,0,0
04/10/2019 11:55,29.12,24.13,37.46,0,0
04/10/2019 11:55,29.12,24.13,37.46,0,0
04/10/2019 11:55,29.12,24.13,37.46,0,0
04/10/2019 11:50,28.87,24,37.67,0,0
04/10/2019 11:50,28.87,24,37.67,0,0
04/10/2019 11:50,28.87,24,37.67,0,0
04/10/2019 11:50,28.87,24,37.67,0,0
04/10/2019 11:50,28.87,24,37.67,0,0
04/10/2019 11:50,28.87,24,37.67,0,0
04/10/2019 11:50,28.87,24,37.67,0,0
04/10/2019 11:50,28.87,24,37.67,0,0
04/10/2019 11:50,28.87,24,37.67,0,0
04/10/2019 11:45,28.64,23.88,37.86,0,0
04/10/2019 11:45,28.64,23.88,37.86,0,0
04/10/2019 11:45,28.64,23.88,37.86,0,0
04/10/2019 11:45,28.64,23.88,37.86,0,0
04/10/2019 11:45,28.64,23.88,37.86,0,0
04/10/2019 11:45,28.64,23.88,37.86,0,0
04/10/2019 11:45,28.64,23.88,37.86,0,0
04/10/2019 11:45,28.64,23.88,37.86,0,0
04/10/2019 11:45,28.64,23.88,37.86,0,0
04/10/2019 11:40,28.46,23.75,37.99,0,0
04/10/2019 11:40,28.46,23.75,37.99,0,0
04/10/2019 11:40,28.46,23.75,37.99,0,0
04/10/2019 11:40,28.46,23.75,37.99,0,0
04/10/2019 11:40,28.46,23.75,37.99,0,0
04/10/2019 11:40,28.46,23.75,37.99,0,0
04/10/2019 11:40,28.46,23.75,37.99,0,0
04/10/2019 11:40,28.46,23.75,37.99,0,0
04/10/2019 11:40,28.46,23.75,37.99,0,0
04/10/2019 11:35,28.31,23.56,38.02,0,0
04/10/2019 11:35,28.31,23.56,38.02,0,0
04/10/2019 11:35,28.31,23.56,38.02,0,0
04/10/2019 11:35,28.31,23.56,38.02,0,0
04/10/2019 11:35,28.31,23.56,38.02,0,0
04/10/2019 11:35,28.31,23.56,38.02,0,0
04/10/2019 11:35,28.31,23.56,38.02,0,0
04/10/2019 11:35,28.31,23.56,38.02,0,0
04/10/2019 11:35,28.31,23.56,38.02,0,0
04/10/2019 11:30,28.14,23.38,38.06,0,0
04/10/2019 11:30,28.14,23.38,38.06,0,0
04/10/2019 11:30,28.14,23.38,38.06,0,0
04/10/2019 11:30,28.14,23.38,38.06,0,0
04/10/2019 11:30,28.14,23.38,38.06,0,0
04/10/2019 11:30,28.14,23.38,38.06,0,0
04/10/2019 11:30,28.14,23.38,38.06,0,0
04/10/2019 11:30,28.14,23.38,38.06,0,0
04/10/2019 11:30,28.14,23.38,38.06,0,0
04/10/2019 11:25,27.97,23.19,38.1,0,0
04/10/2019 11:25,27.97,23.19,38.1,0,0
04/10/2019 11:25,27.97,23.19,38.1,0,0
04/10/2019 11:25,27.97,23.19,38.1,0,0
04/10/2019 11:25,27.97,23.19,38.1,0,0
04/10/2019 11:25,27.97,23.19,38.1,0,0
04/10/2019 11:25,27.97,23.19,38.1,0,0
04/10/2019 11:25,27.97,23.19,38.1,0,0
04/10/2019 11:25,27.97,23.19,38.1,0,0
04/10/2019 11:20,27.78,23,38.16,0,0
04/10/2019 11:20,27.78,23,38.16,0,0
04/10/2019 11:20,27.78,23,38.16,0,0
04/10/2019 11:20,27.78,23,38.16,0,0
04/10/2019 11:20,27.78,23,38.16,0,0
04/10/2019 11:20,27.78,23,38.16,0,0
04/10/2019 11:20,27.78,23,38.16,0,0
04/10/2019 11:20,27.78,23,38.16,0,0
04/10/2019 11:20,27.78,23,38.16,0,0
04/10/2019 11:15,27.59,22.81,38.17,0,0
04/10/2019 11:15,27.59,22.81,38.17,0,0
04/10/2019 11:15,27.59,22.81,38.17,0,0
04/10/2019 11:15,27.59,22.81,38.17,0,0
04/10/2019 11:15,27.59,22.81,38.17,0,0
04/10/2019 11:15,27.59,22.81,38.17,0,0
04/10/2019 11:15,27.59,22.81,38.17,0,0
04/10/2019 11:15,27.59,22.81,38.17,0,0
04/10/2019 11:15,27.59,22.81,38.17,0,0
04/10/2019 11:10,27.4,22.63,38.22,0,0
04/10/2019 11:10,27.4,22.63,38.22,0,0
04/10/2019 11:10,27.4,22.63,38.22,0,0
04/10/2019 11:10,27.4,22.63,38.22,0,0
04/10/2019 11:10,27.4,22.63,38.22,0,0
04/10/2019 11:10,27.4,22.63,38.22,0,0
04/10/2019 11:10,27.4,22.63,38.22,0,0
04/10/2019 11:10,27.4,22.63,38.22,0,0
04/10/2019 11:10,27.4,22.63,38.22,0,0
04/10/2019 11:10,27.4,22.63,38.22,0,0
04/10/2019 11:10,27.4,22.63,38.22,0,0
04/10/2019 11:10,27.4,22.63,38.22,0,0
04/10/2019 11:10,27.4,22.63,38.22,0,0
04/10/2019 10:20,25.56,20.75,38.48,0,0
04/10/2019 10:20,25.56,20.75,38.48,0,0
04/10/2019 10:15,25.32,20.5,38.58,0,0
04/10/2019 10:15,25.32,20.5,38.58,0,0
04/10/2019 10:10,25.1,20.38,38.72,0,0
04/10/2019 10:10,25.1,20.38,38.72,0,0
04/10/2019 10:10,25.07,20.31,38.74,0,0
04/10/2019 10:10,25.07,20.31,38.74,0,0
04/10/2019 10:06,24.91,20.19,38.74,0,0
04/10/2019 10:06,24.91,20.19,38.74,0,0
04/10/2019 10:06,24.88,20.13,38.76,0,0
04/10/2019 10:06,24.88,20.13,38.76,0,0
04/10/2019 10:05,24.83,20.13,38.76,0,0
04/10/2019 10:05,24.83,20.13,38.76,0,0
04/10/2019 09:55,24.31,19.63,39.02,0,0
04/10/2019 09:55,24.31,19.63,39.02,0,0
04/10/2019 09:53,24.23,19.5,39.11,0,0
04/10/2019 09:53,24.23,19.5,39.11,0,0
04/10/2019 09:50,24.05,19.38,39.16,0,0
04/10/2019 09:50,24.05,19.38,39.16,0,0
04/10/2019 09:45,23.74,19.13,39.31,0,0
04/10/2019 09:45,23.74,19.13,39.31,0,0
04/10/2019 09:44,23.68,19.06,39.3,0,0
04/10/2019 09:44,23.68,19.06,39.3,0,0
04/10/2019 09:40,23.43,18.81,39.41,0,0
04/10/2019 09:40,23.43,18.81,39.41,0,0
04/10/2019 09:35,23.11,18.5,39.57,0,0
04/10/2019 09:35,23.11,18.5,39.57,0,0
04/10/2019 09:30,22.77,18.25,39.72,0,0
04/10/2019 09:30,22.77,18.25,39.72,0,0
04/10/2019 09:29,22.75,18.19,39.76,0,0
04/10/2019 09:29,22.75,18.19,39.76,0,0
04/10/2019 09:25,22.41,17.94,39.9,0,0
04/10/2019 09:25,22.41,17.94,39.9,0,0
04/10/2019 09:20,22.03,17.56,40.08,0,0
04/10/2019 09:20,22.03,17.56,40.08,0,0
04/10/2019 09:17,21.82,17.31,40.18,0,0
04/10/2019 09:17,21.82,17.31,40.18,0,0
04/10/2019 09:15,21.62,17.13,40.22,0,0
04/10/2019 09:15,21.62,17.13,40.22,0,0
04/10/2019 09:10,21.23,16.69,40.41,0,0
04/10/2019 09:10,21.23,16.69,40.41,0,0
04/10/2019 09:05,20.83,16.31,40.47,0.18,0
04/10/2019 09:05,20.83,16.31,40.47,0.18,0
04/10/2019 09:00,20.42,16.06,39.84,0,0
04/10/2019 09:00,20.42,16.06,39.84,0,0
04/10/2019 08:55,20.03,15.63,39.5,0,0
04/10/2019 08:55,20.03,15.63,39.5,0,0
04/10/2019 08:50,19.62,15.19,38.99,0,0
04/10/2019 08:50,19.62,15.19,38.99,0,0
04/10/2019 08:45,19.24,14.69,38.47,0,0
04/10/2019 08:45,19.24,14.69,38.47,0,0
04/10/2019 08:40,18.91,14.06,37.85,0,0
04/10/2019 08:40,18.91,14.06,37.85,0,0
04/10/2019 08:35,18.68,13.56,37.41,0,0
04/10/2019 08:35,18.68,13.56,37.41,0,0
04/10/2019 08:30,18.62,13.44,37.19,0,0
04/10/2019 08:30,18.62,13.44,37.19,0,0
04/10/2019 08:25,18.63,13.5,37.13,0,0
04/10/2019 08:25,18.63,13.5,37.13,0,0
04/10/2019 08:20,18.63,13.44,37.14,0,0
04/10/2019 08:20,18.63,13.44,37.14,0,0
04/10/2019 08:15,18.64,13.5,37.15,0,0
04/10/2019 08:15,18.64,13.5,37.15,0,0
04/10/2019 08:10,18.66,13.5,37.14,0,0
04/10/2019 08:10,18.66,13.5,37.14,0,0
04/10/2019 08:05,18.66,13.5,37.06,0,0
04/10/2019 08:05,18.66,13.5,37.06,0,0
04/10/2019 08:00,18.68,13.5,37.03,0,0
04/10/2019 08:00,18.68,13.5,37.03,0,0
04/10/2019 07:55,18.7,13.5,36.99,0,0
04/10/2019 07:55,18.7,13.5,36.99,0,0
04/10/2019 07:50,18.7,13.56,36.98,0,0
04/10/2019 07:50,18.7,13.56,36.98,0,0
04/10/2019 07:45,18.72,13.56,36.99,0,0
04/10/2019 07:45,18.72,13.56,36.99,0,0
04/10/2019 07:40,18.73,13.56,36.99,0,0
04/10/2019 07:40,18.73,13.56,36.99,0,0
04/10/2019 07:35,18.76,13.56,36.99,0,0
04/10/2019 07:35,18.76,13.56,36.99,0,0
04/10/2019 07:30,18.76,13.63,36.98,0,0
04/10/2019 07:30,18.76,13.63,36.98,0,0
04/10/2019 07:25,18.77,13.63,36.96,0,0
04/10/2019 07:25,18.77,13.63,36.96,0,0
04/10/2019 07:20,18.78,13.63,36.97,0,0
04/10/2019 07:20,18.78,13.63,36.97,0,0
04/10/2019 07:15,18.79,13.63,36.99,0,0
04/10/2019 07:15,18.79,13.63,36.99,0,0
04/10/2019 07:10,18.81,13.69,36.98,0,0
04/10/2019 07:10,18.81,13.69,36.98,0,0
04/10/2019 07:05,18.82,13.63,36.99,0,0
04/10/2019 07:05,18.82,13.63,36.99,0,0
04/10/2019 07:00,18.83,13.69,37,0,0
04/10/2019 07:00,18.83,13.69,37,0,0
04/10/2019 06:55,18.83,13.69,37,0,0
04/10/2019 06:55,18.83,13.69,37,0,0
04/10/2019 06:50,18.85,13.69,37.01,0,0
04/10/2019 06:50,18.85,13.69,37.01,0,0
04/10/2019 06:45,18.86,13.69,36.98,0,0
04/10/2019 06:45,18.86,13.69,36.98,0,0
04/10/2019 06:40,18.87,13.75,36.98,0,0
04/10/2019 06:40,18.87,13.75,36.98,0,0
04/10/2019 06:35,18.91,13.75,37.01,0,0
04/10/2019 06:35,18.91,13.75,37.01,0,0
04/10/2019 06:30,18.89,13.81,37.02,0,0
04/10/2019 06:30,18.89,13.81,37.02,0,0
04/10/2019 06:25,18.92,13.75,37.04,0,0
04/10/2019 06:25,18.92,13.75,37.04,0,0
04/10/2019 06:20,18.94,13.81,37.08,0,0
04/10/2019 06:20,18.94,13.81,37.08,0,0
04/10/2019 06:15,18.94,13.81,37.07,0,0
04/10/2019 06:15,18.94,13.81,37.07,0,0
04/10/2019 06:10,18.95,13.88,37.08,0,0
04/10/2019 06:10,18.95,13.88,37.08,0,0
04/10/2019 06:05,18.96,13.88,37.11,0,0
04/10/2019 06:05,18.96,13.88,37.11,0,0
04/10/2019 06:00,18.97,13.88,37.08,0,0
04/10/2019 06:00,18.97,13.88,37.08,0,0
04/10/2019 05:55,18.99,13.88,37.11,0,0
04/10/2019 05:55,18.99,13.88,37.11,0,0
04/10/2019 05:50,19.01,13.94,37.08,0,0
04/10/2019 05:50,19.01,13.94,37.08,0,0
04/10/2019 05:45,19.01,13.88,37.07,0,0
04/10/2019 05:45,19.01,13.88,37.07,0,0
04/10/2019 05:40,19.03,13.94,37.06,0,0
04/10/2019 05:40,19.03,13.94,37.06,0,0
04/10/2019 05:35,19.03,13.94,37.06,0,0
04/10/2019 05:35,19.03,13.94,37.06,0,0
04/10/2019 05:30,19.04,13.94,37.06,0,0
04/10/2019 05:30,19.04,13.94,37.06,0,0
04/10/2019 05:25,19.07,13.94,37.07,0,0
04/10/2019 05:25,19.07,13.94,37.07,0,0
04/10/2019 05:20,19.07,13.94,37.13,0,0
04/10/2019 05:20,19.07,13.94,37.13,0,0
04/10/2019 05:15,19.08,14,37.11,0,0
04/10/2019 05:15,19.08,14,37.11,0,0
04/10/2019 05:10,19.1,14,37.13,0,0
04/10/2019 05:10,19.1,14,37.13,0,0
04/10/2019 05:05,19.1,14,37.14,0,0
04/10/2019 05:05,19.1,14,37.14,0,0
04/10/2019 05:00,19.11,14.06,37.12,0,0
04/10/2019 05:00,19.11,14.06,37.12,0,0
04/10/2019 04:55,19.12,14,37.12,0,0
04/10/2019 04:55,19.12,14,37.12,0,0
04/10/2019 04:50,19.14,14.06,37.1,0,0
04/10/2019 04:50,19.14,14.06,37.1,0,0
04/10/2019 04:45,19.15,14.06,37.09,0,0
04/10/2019 04:45,19.15,14.06,37.09,0,0
04/10/2019 04:40,19.16,14.06,37.1,0,0
04/10/2019 04:40,19.16,14.06,37.1,0,0
04/10/2019 04:35,19.17,14.06,37.11,0,0
04/10/2019 04:35,19.17,14.06,37.11,0,0
04/10/2019 04:30,19.18,14.06,37.03,0,0
04/10/2019 04:30,19.18,14.06,37.03,0,0
04/10/2019 04:25,19.2,14.06,37.01,0,0
04/10/2019 04:25,19.2,14.06,37.01,0,0
04/10/2019 04:20,19.22,14.06,36.99,0,0
04/10/2019 04:20,19.22,14.06,36.99,0,0
04/10/2019 04:15,19.23,14.06,36.98,0,0
04/10/2019 04:15,19.23,14.06,36.98,0,0
04/10/2019 04:10,19.25,14.13,36.99,0,0
04/10/2019 04:10,19.25,14.13,36.99,0,0
04/10/2019 04:05,19.26,14.13,37.04,0,0
04/10/2019 04:05,19.26,14.13,37.04,0,0
04/10/2019 04:00,19.27,14.19,37.06,0,0
04/10/2019 04:00,19.27,14.19,37.06,0,0
04/10/2019 03:55,19.28,14.19,37.09,0,0
04/10/2019 03:55,19.28,14.19,37.09,0,0
04/10/2019 03:50,19.31,14.19,37.12,0,0
04/10/2019 03:50,19.31,14.19,37.12,0,0
04/10/2019 03:45,19.31,14.19,37.15,0,0
04/10/2019 03:45,19.31,14.19,37.15,0,0
04/10/2019 03:40,19.33,14.19,37.13,0,0
04/10/2019 03:40,19.33,14.19,37.13,0,0
04/10/2019 03:35,19.36,14.25,37.15,0,0
04/10/2019 03:35,19.36,14.25,37.15,0,0
04/10/2019 03:30,19.36,14.25,37.12,0,0
04/10/2019 03:30,19.36,14.25,37.12,0,0
04/10/2019 03:25,19.38,14.25,37.1,0,0
04/10/2019 03:25,19.38,14.25,37.1,0,0
04/10/2019 03:20,19.39,14.25,37.1,0,0
04/10/2019 03:20,19.39,14.25,37.1,0,0
04/10/2019 03:15,19.41,14.31,37.13,0,0
04/10/2019 03:15,19.41,14.31,37.13,0,0
04/10/2019 03:10,19.41,14.31,37.16,0,0
04/10/2019 03:10,19.41,14.31,37.16,0,0
04/10/2019 03:05,19.43,14.31,37.16,0,0
04/10/2019 03:05,19.43,14.31,37.16,0,0
04/10/2019 03:00,19.45,14.31,37.2,0,0
04/10/2019 03:00,19.45,14.31,37.2,0,0
04/10/2019 02:55,19.46,14.31,37.18,0,0
04/10/2019 02:55,19.46,14.31,37.18,0,0
04/10/2019 02:50,19.46,14.38,37.2,0,0
04/10/2019 02:50,19.46,14.38,37.2,0,0
04/10/2019 02:45,19.48,14.38,37.2,0,0
04/10/2019 02:45,19.48,14.38,37.2,0,0
04/10/2019 02:40,19.51,14.38,37.27,0,0
04/10/2019 02:40,19.51,14.38,37.27,0,0
04/10/2019 02:35,19.53,14.38,37.23,0,0
04/10/2019 02:35,19.53,14.38,37.23,0,0
04/10/2019 02:30,19.53,14.38,37.29,0,0
04/10/2019 02:30,19.53,14.38,37.29,0,0
04/10/2019 02:25,19.54,14.44,37.27,0,0
04/10/2019 02:25,19.54,14.44,37.27,0,0
04/10/2019 02:20,19.56,14.44,37.3,0,0
04/10/2019 02:20,19.56,14.44,37.3,0,0
04/10/2019 02:15,19.56,14.44,37.31,0,0
04/10/2019 02:15,19.56,14.44,37.31,0,0
04/10/2019 02:10,19.57,14.44,37.29,0,0
04/10/2019 02:10,19.57,14.44,37.29,0,0
04/10/2019 02:05,19.59,14.44,37.31,0,0
04/10/2019 02:05,19.59,14.44,37.31,0,0
04/10/2019 02:00,19.6,14.44,37.27,0,0
04/10/2019 02:00,19.6,14.44,37.27,0,0
04/10/2019 01:55,19.62,14.5,37.3,0,0
04/10/2019 01:55,19.62,14.5,37.3,0,0
04/10/2019 01:50,19.63,14.5,37.29,0,0
04/10/2019 01:50,19.63,14.5,37.29,0,0
04/10/2019 01:45,19.63,14.5,37.32,0,0
04/10/2019 01:45,19.63,14.5,37.32,0,0
04/10/2019 01:40,19.65,14.5,37.3,0,0
04/10/2019 01:40,19.65,14.5,37.3,0,0
04/10/2019 01:35,19.65,14.5,37.3,0,0
04/10/2019 01:35,19.65,14.5,37.3,0,0
04/10/2019 01:30,19.66,14.5,37.34,0,0
04/10/2019 01:30,19.66,14.5,37.34,0,0
04/10/2019 01:25,19.68,14.5,37.33,0,0
04/10/2019 01:25,19.68,14.5,37.33,0,0
04/10/2019 01:20,19.69,14.5,37.26,0,0
04/10/2019 01:20,19.69,14.5,37.26,0,0
04/10/2019 01:15,19.71,14.56,37.21,0,0
04/10/2019 01:15,19.71,14.56,37.21,0,0
04/10/2019 01:10,19.71,14.5,37.15,0,0
04/10/2019 01:10,19.71,14.5,37.15,0,0
04/10/2019 01:05,19.72,14.56,37.02,0,0
04/10/2019 01:05,19.72,14.56,37.02,0,0
04/10/2019 01:00,19.73,14.56,36.97,0,0
04/10/2019 01:00,19.73,14.56,36.97,0,0
04/10/2019 00:55,19.75,14.56,36.91,0,0
04/10/2019 00:55,19.75,14.56,36.91,0,0
04/10/2019 00:50,19.76,14.56,36.92,0,0
04/10/2019 00:50,19.76,14.56,36.92,0,0
04/10/2019 00:45,19.79,14.63,36.95,0,0
04/10/2019 00:45,19.79,14.63,36.95,0,0
04/10/2019 00:40,19.81,14.63,36.97,0,0
04/10/2019 00:40,19.81,14.63,36.97,0,0
04/10/2019 00:35,19.81,14.63,36.97,0,0
04/10/2019 00:35,19.81,14.63,36.97,0,0
04/10/2019 00:30,19.82,14.63,37.01,0,0
04/10/2019 00:30,19.82,14.63,37.01,0,0
04/10/2019 00:25,19.85,14.63,36.95,0,0
04/10/2019 00:25,19.85,14.63,36.95,0,0
04/10/2019 00:20,19.87,14.69,36.87,0,0
04/10/2019 00:20,19.87,14.69,36.87,0,0
04/10/2019 00:15,19.88,14.69,36.79,0,0
04/10/2019 00:15,19.88,14.69,36.79,0,0
04/10/2019 00:10,19.9,14.69,36.65,0,0
04/10/2019 00:10,19.9,14.69,36.65,0,0
04/10/2019 00:05,19.91,14.69,36.67,0,0
04/10/2019 00:05,19.91,14.69,36.67,0,0
04/10/2019 00:00,19.94,14.75,36.64,0,0
04/10/2019 00:00,19.94,14.75,36.64,0,0
03/10/2019 23:55,19.97,14.75,36.57,0,0
03/10/2019 23:55,19.97,14.75,36.57,0,0
03/10/2019 23:50,19.99,14.75,36.61,0,0
03/10/2019 23:50,19.99,14.75,36.61,0,0
03/10/2019 23:45,20.01,14.75,36.56,0,0
03/10/2019 23:45,20.01,14.75,36.56,0,0
03/10/2019 23:40,20.03,14.81,36.53,0,0
03/10/2019 23:40,20.03,14.81,36.53,0,0
03/10/2019 23:35,20.07,14.81,36.51,0,0
03/10/2019 23:35,20.07,14.81,36.51,0,0
03/10/2019 23:30,20.1,14.88,36.46,0,0
03/10/2019 23:30,20.1,14.88,36.46,0,0
03/10/2019 23:25,20.13,14.88,36.48,0,0
03/10/2019 23:25,20.13,14.88,36.48,0,0
03/10/2019 23:20,20.15,14.88,36.52,0,0
03/10/2019 23:20,20.15,14.88,36.52,0,0
03/10/2019 23:15,20.19,14.94,36.5,0,0
03/10/2019 23:15,20.19,14.94,36.5,0,0
03/10/2019 23:10,20.22,14.94,36.46,0,0
03/10/2019 23:10,20.22,14.94,36.46,0,0
03/10/2019 23:05,20.26,14.94,36.37,0,0
03/10/2019 23:05,20.26,14.94,36.37,0,0
03/10/2019 23:00,20.3,15,36.36,0,0
03/10/2019 23:00,20.3,15,36.36,0,0
03/10/2019 22:55,20.33,15,36.33,0,0
03/10/2019 22:55,20.33,15,36.33,0,0
03/10/2019 22:50,20.36,15.06,36.31,0,0
03/10/2019 22:50,20.36,15.06,36.31,0,0
03/10/2019 22:45,20.41,15.06,36.28,0,0
03/10/2019 22:45,20.41,15.06,36.28,0,0
03/10/2019 22:40,20.45,15.13,36.3,0,0
03/10/2019 22:40,20.45,15.13,36.3,0,0
03/10/2019 22:35,20.49,15.13,36.31,0,0
03/10/2019 22:35,20.49,15.13,36.31,0,0
03/10/2019 22:30,20.54,15.19,36.34,0,0
03/10/2019 22:30,20.54,15.19,36.34,0,0
03/10/2019 22:25,20.58,15.25,36.31,0,0
03/10/2019 22:25,20.58,15.25,36.31,0,0
03/10/2019 22:20,20.63,15.25,36.31,0,0
03/10/2019 22:20,20.63,15.25,36.31,0,0
03/10/2019 22:15,20.66,15.31,36.32,0,0
03/10/2019 22:15,20.66,15.31,36.32,0,0
03/10/2019 22:10,20.73,15.38,36.31,0,0
03/10/2019 22:10,20.73,15.38,36.31,0,0
03/10/2019 22:05,20.76,15.38,36.33,0,0
03/10/2019 22:05,20.76,15.38,36.33,0,0
03/10/2019 22:00,20.8,15.44,36.35,0,0
03/10/2019 22:00,20.8,15.44,36.35,0,0
03/10/2019 21:55,20.85,15.5,36.36,0,0
03/10/2019 21:55,20.85,15.5,36.36,0,0
03/10/2019 21:50,20.9,15.5,36.37,0,0
03/10/2019 21:50,20.9,15.5,36.37,0,0
03/10/2019 21:45,20.95,15.56,36.38,0,0
03/10/2019 21:45,20.95,15.56,36.38,0,0
03/10/2019 21:40,21.02,15.63,36.34,0,0
03/10/2019 21:40,21.02,15.63,36.34,0,0
03/10/2019 21:35,21.07,15.69,36.24,0,0
03/10/2019 21:35,21.07,15.69,36.24,0,0
03/10/2019 21:30,21.14,15.75,36.13,0,0
03/10/2019 21:30,21.14,15.75,36.13,0,0
03/10/2019 21:25,21.19,15.81,36.06,0,0
03/10/2019 21:25,21.19,15.81,36.06,0,0
03/10/2019 21:20,21.27,15.88,35.98,0,0
03/10/2019 21:20,21.27,15.88,35.98,0,0
03/10/2019 21:15,21.33,15.94,35.93,0,0
03/10/2019 21:15,21.33,15.94,35.93,0,0
03/10/2019 21:10,21.38,15.94,35.87,0,0
03/10/2019 21:10,21.38,15.94,35.87,0,0
03/10/2019 21:05,21.46,16,35.82,0,0
03/10/2019 21:05,21.46,16,35.82,0,0
03/10/2019 21:00,21.52,16.06,35.77,0,0
03/10/2019 21:00,21.52,16.06,35.77,0,0
03/10/2019 20:55,21.59,16.19,35.74,0,0
03/10/2019 20:55,21.59,16.19,35.74,0,0
03/10/2019 20:50,21.67,16.25,35.71,0,0
03/10/2019 20:50,21.67,16.25,35.71,0,0
03/10/2019 20:45,21.74,16.31,35.69,0,0
03/10/2019 20:45,21.74,16.31,35.69,0,0
03/10/2019 20:40,21.82,16.38,35.65,0,0
03/10/2019 20:40,21.82,16.38,35.65,0,0
03/10/2019 20:35,21.9,16.44,35.57,0,0
03/10/2019 20:35,21.9,16.44,35.57,0,0
03/10/2019 20:30,21.97,16.5,35.49,0,0
03/10/2019 20:30,21.97,16.5,35.49,0,0
03/10/2019 20:25,22.07,16.56,35.41,0,0
03/10/2019 20:25,22.07,16.56,35.41,0,0
03/10/2019 20:20,22.16,16.69,35.34,0,0
03/10/2019 20:20,22.16,16.69,35.34,0,0
03/10/2019 20:15,22.24,16.81,35.24,0,0
03/10/2019 20:15,22.24,16.81,35.24,0,0
03/10/2019 20:10,22.35,16.88,35.12,0,0
03/10/2019 20:10,22.35,16.88,35.12,0,0
03/10/2019 20:05,22.43,17,35.04,0,0
03/10/2019 20:05,22.43,17,35.04,0,0
03/10/2019 20:00,22.54,17.06,34.99,0,0
03/10/2019 20:00,22.54,17.06,34.99,0,0
03/10/2019 19:55,22.64,17.19,34.92,0,0
03/10/2019 19:55,22.64,17.19,34.92,0,0
03/10/2019 19:50,22.76,17.25,34.85,0,0
03/10/2019 19:50,22.76,17.25,34.85,0,0
03/10/2019 19:45,22.85,17.38,34.77,0,0
03/10/2019 19:45,22.85,17.38,34.77,0,0
03/10/2019 19:40,22.97,17.5,34.73,0,0
03/10/2019 19:40,22.97,17.5,34.73,0,0
03/10/2019 19:35,23.1,17.56,34.65,0,0
03/10/2019 19:35,23.1,17.56,34.65,0,0
03/10/2019 19:30,23.2,17.69,34.62,0,0
03/10/2019 19:30,23.2,17.69,34.62,0,0
03/10/2019 19:25,23.34,17.81,34.57,0,0
03/10/2019 19:25,23.34,17.81,34.57,0,0
03/10/2019 19:20,23.46,17.94,34.52,0,0
03/10/2019 19:20,23.46,17.94,34.52,0,0
03/10/2019 19:15,23.58,18.06,34.48,0,0
03/10/2019 19:15,23.58,18.06,34.48,0,0
03/10/2019 19:10,23.73,18.13,34.43,0,0
03/10/2019 19:10,23.73,18.13,34.43,0,0
03/10/2019 19:05,23.88,18.31,34.38,0,0
03/10/2019 19:05,23.88,18.31,34.38,0,0
03/10/2019 19:00,24.03,18.44,34.37,0,0.28
03/10/2019 19:00,24.03,18.44,34.37,0,0.28
03/10/2019 18:55,24.18,18.56,34.33,0,0
03/10/2019 18:55,24.18,18.56,34.33,0,0
03/10/2019 18:50,24.33,18.75,34.32,0,0
03/10/2019 18:50,24.33,18.75,34.32,0,0
03/10/2019 18:45,24.5,18.88,34.33,0,0
03/10/2019 18:45,24.5,18.88,34.33,0,0
03/10/2019 18:40,24.66,19.06,34.33,0,0
03/10/2019 18:40,24.66,19.06,34.33,0,0
03/10/2019 18:35,24.84,19.19,34.35,0,0
03/10/2019 18:35,24.84,19.19,34.35,0,0
03/10/2019 18:30,25.04,19.38,34.37,0,0
03/10/2019 18:30,25.04,19.38,34.37,0,0
03/10/2019 18:25,25.22,19.56,34.38,0,0
03/10/2019 18:25,25.22,19.56,34.38,0,0
03/10/2019 18:20,25.42,19.75,34.38,0,0
03/10/2019 18:20,25.42,19.75,34.38,0,0
03/10/2019 18:15,25.61,19.94,34.33,0,0
03/10/2019 18:15,25.61,19.94,34.33,0,0
03/10/2019 18:10,25.82,20.06,34.32,0,0
03/10/2019 18:10,25.82,20.06,34.32,0,0
03/10/2019 18:05,26.04,20.25,34.25,0,0
03/10/2019 18:05,26.04,20.25,34.25,0,0
03/10/2019 18:00,26.27,20.44,34.24,0,0
03/10/2019 18:00,26.27,20.44,34.24,0,0
03/10/2019 17:55,26.51,20.63,34.21,0,0
03/10/2019 17:55,26.51,20.63,34.21,0,0
03/10/2019 17:50,26.73,20.88,34.12,0,0
03/10/2019 17:50,26.73,20.88,34.12,0,0
03/10/2019 17:45,27,21.06,34.15,0,0
03/10/2019 17:45,27,21.06,34.15,0,0
03/10/2019 17:40,27.26,21.31,34,0,0
03/10/2019 17:40,27.26,21.31,34,0,0
03/10/2019 17:35,27.52,21.56,34.16,0,0
03/10/2019 17:35,27.52,21.56,34.16,0,0
03/10/2019 17:30,27.81,21.81,34.28,0,0
03/10/2019 17:30,27.81,21.81,34.28,0,0
03/10/2019 17:25,28.06,22.13,34.35,0,0
03/10/2019 17:25,28.06,22.13,34.35,0,0
03/10/2019 17:20,28.3,22.25,34.91,0,0
03/10/2019 17:20,28.3,22.25,34.91,0,0
03/10/2019 17:15,28.52,22.44,34.17,0,0
03/10/2019 17:15,28.52,22.44,34.17,0,0
03/10/2019 17:10,28.76,22.63,33.25,0,0
03/10/2019 17:10,28.76,22.63,33.25,0,0
03/10/2019 17:05,29.11,22.88,31.64,0,0
03/10/2019 17:05,29.11,22.88,31.64,0,0
03/10/2019 17:00,29.56,23.19,30.42,0,0
03/10/2019 17:00,29.56,23.19,30.42,0,0
03/10/2019 16:55,30.05,23.94,30.28,0.19,0
03/10/2019 16:55,30.05,23.94,30.28,0.19,0
03/10/2019 16:50,30.04,24.69,31.35,0,0
03/10/2019 16:50,30.04,24.69,31.35,0,0
03/10/2019 16:45,29.96,24.5,31.28,0,0
03/10/2019 16:45,29.96,24.5,31.28,0,0
03/10/2019 16:40,29.89,24.38,31.19,0,0
03/10/2019 16:40,29.89,24.38,31.19,0,0
03/10/2019 16:35,29.79,24.44,31.18,0,0
03/10/2019 16:35,29.79,24.44,31.18,0,0
03/10/2019 16:30,29.72,24.31,30.99,0,0
03/10/2019 16:30,29.72,24.31,30.99,0,0
03/10/2019 16:25,29.66,24,30.58,0,0
03/10/2019 16:25,29.66,24,30.58,0,0
03/10/2019 16:20,29.71,24.06,30.81,0,0
03/10/2019 16:20,29.71,24.06,30.81,0,0
03/10/2019 16:15,29.68,24.06,31.13,0,0
03/10/2019 16:15,29.68,24.06,31.13,0,0
03/10/2019 16:10,29.66,24.13,31.08,0,0
03/10/2019 16:10,29.66,24.13,31.08,0,0
03/10/2019 16:05,29.64,24.19,31.17,0,0
03/10/2019 16:05,29.64,24.19,31.17,0,0
03/10/2019 16:00,29.61,24.31,31.77,0,0
03/10/2019 16:00,29.61,24.31,31.77,0,0
03/10/2019 15:55,29.53,24.44,32.02,0,0
03/10/2019 15:55,29.53,24.44,32.02,0,0
03/10/2019 15:50,29.42,24.38,32.28,0,0
03/10/2019 15:50,29.42,24.38,32.28,0,0
03/10/2019 15:45,29.27,24.25,32.32,0,0
03/10/2019 15:45,29.27,24.25,32.32,0,0
03/10/2019 15:40,29.18,23.69,32.16,0,0
03/10/2019 15:40,29.18,23.69,32.16,0,0
03/10/2019 15:35,29.18,23.69,32.13,0,0.28
03/10/2019 15:35,29.18,23.69,32.13,0,0.28
03/10/2019 15:30,29.19,23.69,32.1,0,0
03/10/2019 15:30,29.19,23.69,32.1,0,0
03/10/2019 15:25,29.2,23.69,32.06,0,0
03/10/2019 15:25,29.2,23.69,32.06,0,0
03/10/2019 15:20,29.19,23.69,32.17,0,0
03/10/2019 15:20,29.19,23.69,32.17,0,0
03/10/2019 15:15,29.19,23.69,32.08,0,0
03/10/2019 15:15,29.19,23.69,32.08,0,0
03/10/2019 15:10,29.17,23.75,32.12,0,0
03/10/2019 15:10,29.17,23.75,32.12,0,0
03/10/2019 15:05,29.14,23.69,32.17,0,0
03/10/2019 15:05,29.14,23.69,32.17,0,0
03/10/2019 15:00,29.11,23.56,32.4,0,0
03/10/2019 15:00,29.11,23.56,32.4,0,0
03/10/2019 14:55,29.05,23.5,32.52,0,0
03/10/2019 14:55,29.05,23.5,32.52,0,0
03/10/2019 14:50,29.01,23.25,32.18,0,0
03/10/2019 14:50,29.01,23.25,32.18,0,0
03/10/2019 14:45,29.01,23.25,31.73,0,0
03/10/2019 14:45,29.01,23.25,31.73,0,0
03/10/2019 14:40,29.02,23.75,31.62,0.02,0
03/10/2019 14:40,29.02,23.75,31.62,0.02,0
03/10/2019 14:35,29.02,24.19,31.57,0,0
03/10/2019 14:35,29.02,24.19,31.57,0,0
03/10/2019 14:30,29.05,24.31,31.56,0,0
03/10/2019 14:30,29.05,24.31,31.56,0,0
03/10/2019 14:25,29.07,24.44,31.62,0,0
03/10/2019 14:25,29.07,24.44,31.62,0,0
03/10/2019 14:20,29.03,24.5,31.71,0,0
03/10/2019 14:20,29.03,24.5,31.71,0,0
03/10/2019 14:15,29,24.38,31.76,0,0
03/10/2019 14:15,29,24.38,31.76,0,0
03/10/2019 14:10,28.93,24.44,32.17,0,0
03/10/2019 14:10,28.93,24.44,32.17,0,0
03/10/2019 14:05,28.85,24.56,32.55,0,0
03/10/2019 14:05,28.85,24.56,32.55,0,0
03/10/2019 14:00,28.72,24.63,32.88,0,0
03/10/2019 14:00,28.72,24.63,32.88,0,0
03/10/2019 13:55,28.53,24.88,32.89,0,0
03/10/2019 13:55,28.53,24.88,32.89,0,0
03/10/2019 13:50,28.28,25.06,33.26,0.02,0
03/10/2019 13:50,28.28,25.06,33.26,0.02,0
03/10/2019 13:45,28.11,26.13,32.72,0.01,0
03/10/2019 13:45,28.11,26.13,32.72,0.01,0
03/10/2019 13:40,28.03,22.69,33.05,0,0
03/10/2019 13:40,28.03,22.69,33.05,0,0
03/10/2019 13:35,27.94,22.69,33.75,0,0
03/10/2019 13:35,27.94,22.69,33.75,0,0
03/10/2019 13:30,27.75,22.5,34.38,0.56,0
03/10/2019 13:30,27.75,22.5,34.38,0.56,0
03/10/2019 13:26,27.59,22.38,34.37,2.01,0
03/10/2019 13:26,27.59,22.38,34.37,2.01,0
03/10/2019 13:25,27.51,22.31,34.35,0,0
03/10/2019 13:25,27.51,22.31,34.35,0,0
03/10/2019 13:20,27.23,22.13,34.62,0,0
03/10/2019 13:20,27.23,22.13,34.62,0,0
03/10/2019 13:18,27.12,22.06,34.43,0,0
03/10/2019 13:18,27.12,22.06,34.43,0,0
03/10/2019 13:15,26.91,21.94,34.23,0,0
03/10/2019 13:15,26.91,21.94,34.23,0,0
03/10/2019 13:15,26.91,21.94,34.23,0,0
03/10/2019 13:15,26.91,21.94,34.23,0,0
03/10/2019 13:15,26.91,21.94,34.23,0,0
03/10/2019 13:15,26.91,21.94,34.23,0,0
03/10/2019 13:15,26.91,21.94,34.23,0,0
03/10/2019 13:15,26.91,21.94,34.23,0,0
03/10/2019 13:15,26.91,21.94,34.23,0,0
03/10/2019 13:15,26.91,21.94,34.23,0,0
03/10/2019 13:15,26.91,21.94,34.23,0,0
03/10/2019 13:15,26.91,21.94,34.23,0,0
03/10/2019 13:15,26.91,21.94,34.23,0,0
03/10/2019 13:15,26.91,21.94,34.23,0,0
03/10/2019 13:15,26.91,21.94,34.23,0,0
03/10/2019 13:15,26.91,21.94,34.23,0,0
03/10/2019 13:15,26.91,21.94,34.23,0,0
03/10/2019 13:15,26.91,21.94,34.23,0,0
03/10/2019 13:15,26.91,21.94,34.23,0,0
03/10/2019 13:15,26.91,21.94,34.23,0,0
03/10/2019 13:15,26.91,21.94,34.23,0,0
03/10/2019 13:15,26.91,21.94,34.23,0,0
