0.000000000000000000e+00,2.999999999999999645e+01,0.000000000000000000e+00
1.001001001001000992e-02,2.998592106363447130e+01,-2.812772043835392033e+00
2.002002002002001985e-02,2.994369623805302183e+01,-5.623149282552502015e+00
3.003003003003002977e-02,2.987337359492325106e+01,-8.428792283038690769e+00
4.004004004004003969e-02,2.977503626469361109e+01,-1.122740763113425189e+01
5.005005005005004615e-02,2.964875671621242859e+01,-1.401654197794523604e+01
6.006006006006005954e-02,2.949463123423825550e+01,-1.679374518150347484e+01
7.007007007007007293e-02,2.931278152030213846e+01,-1.955657773350981543e+01
8.008008008008007939e-02,2.910335469270760456e+01,-2.230261075933412229e+01
9.009009009009008584e-02,2.886652328653070398e+01,-2.502942601801527545e+01
1.001001001001000923e-01,2.860248525361996030e+01,-2.773461590226116869e+01
1.101101101101101126e-01,2.831146396259640952e+01,-3.041578343844873444e+01
1.201201201201201191e-01,2.799370819885357875e+01,-3.307054228662387629e+01
1.301301301301301394e-01,2.764949216455749337e+01,-3.569651674050153645e+01
1.401401401401401459e-01,2.727911547864667341e+01,-3.829134172746571352e+01
1.501501501501501523e-01,2.688290317683214781e+01,-4.085266280856934884e+01
1.601601601601601588e-01,2.646120571159742596e+01,-4.337813617853446146e+01
1.701701701701701652e-01,2.601439895219852261e+01,-4.586542866575204158e+01
1.801801801801801717e-01,2.554288418466395072e+01,-4.831221773228212157e+01
1.901901901901901781e-01,2.504708811179472505e+01,-5.071619147385376181e+01
2.002002002002001846e-01,2.452746285316434438e+01,-5.307504861986500799e+01
2.102102102102102188e-01,2.398448594511881637e+01,-5.538649853338293383e+01
2.202202202202202252e-01,2.341866034077664338e+01,-5.764826121114366231e+01
2.302302302302302317e-01,2.283049491052112856e+01,-5.985858816774080537e+01
2.402402402402402382e-01,2.222049368384644907e+01,-6.201625732747261566e+01
2.502502502502502724e-01,2.158922488277462293e+01,-6.411864665976565902e+01
2.602602602602602788e-01,2.093727530291847572e+01,-6.616316605604895074e+01
2.702702702702702853e-01,2.026524805258000583e+01,-6.814732304216190073e+01
2.802802802802802917e-01,1.957376255275037025e+01,-7.006872277835432783e+01
2.902902902902902982e-01,1.886345453710988451e+01,-7.192506805928637448e+01
3.003003003003003046e-01,1.813497605202801921e+01,-7.371415931402856359e+01
3.103103103103103111e-01,1.738899545656342838e+01,-7.543389460606181274e+01
3.203203203203203175e-01,1.662619742246390331e+01,-7.708226963327740577e+01
3.303303303303303240e-01,1.584728293416640632e+01,-7.865737772797699279e+01
3.403403403403403304e-01,1.505296928879705831e+01,-8.015740985687260434e+01
3.503503503503503369e-01,1.424399009617114764e+01,-8.158065462108665145e+01
3.603603603603603434e-01,1.342109527879311948e+01,-8.292549825615189718e+01
3.703703703703703498e-01,1.258505107185658112e+01,-8.419042463201148507e+01
3.803803803803803563e-01,1.173664002324429845e+01,-8.537401525301893912e+01
3.903903903903903627e-01,1.087666099352820304e+01,-8.647494925793816378e+01
4.004004004004003692e-01,1.000592915596937971e+01,-8.749200341994345820e+01
4.104104104104104311e-01,9.125275996518087851e+00,-8.842405214661941670e+01
4.204204204204204376e-01,8.235549313813741890e+00,-8.927006747996105673e+01
4.304304304304304440e-01,7.337613219184904167e+00,-9.002911909637380461e+01
4.404404404404404505e-01,6.432348136649326698e+00,-9.070037430667342448e+01
4.504504504504504570e-01,5.520650802913899646e+00,-9.128309805608600414e+01
4.604604604604604634e-01,4.603434267374675315e+00,-9.177665292424811128e+01
4.704704704704704699e-01,3.681627892116879242e+00,-9.218049912520658040e+01
4.804804804804804763e-01,2.756177351914894214e+00,-9.249419450741871174e+01
4.904904904904904828e-01,1.828044634232260712e+00,-9.271739455375212913e+01
5.005005005005005447e-01,8.982080392216735820e-01,-9.284985238148483688e+01
5.105105105105105512e-01,-3.233782027498435102e-02,-9.289141874230519136e+01
5.205205205205205576e-01,-9.625820187267087880e-01,-9.284204202231198622e+01
5.305305305305305641e-01,-1.891500120292122222e+00,-9.270177081192713331e+01
5.405405405405405705e-01,-2.818543110140511843e+00,-9.247118139335401565e+01
5.505505505505505770e-01,-3.743059602894006410e+00,-9.215078606417182527e+01
5.605605605605605835e-01,-4.664063634278533321e+00,-9.174085819392499275e+01
5.705705705705705899e-01,-5.580586771188887241e+00,-9.124176795119034011e+01
5.805805805805805964e-01,-6.491678111688726105e+00,-9.065398230357688192e+01
5.905905905905906028e-01,-7.396404285010570234e+00,-8.997806501772605259e+01
6.006006006006006093e-01,-8.293849451555812990e+00,-8.921467665931153590e+01
6.106106106106106157e-01,-9.183115302894696796e+00,-8.836457459303929340e+01
6.206206206206206222e-01,-1.006332106176634689e+01,-8.742861298264769232e+01
6.306306306306306286e-01,-1.093360348207874111e+01,-8.640774279090730658e+01
6.406406406406406351e-01,-1.179311684890872058e+01,-8.530301177962107317e+01
6.506506506506506415e-01,-1.264103297850200214e+01,-8.411556450962422105e+01
6.606606606606606480e-01,-1.347654121827315521e+01,-8.284664234078428535e+01
6.706706706706706544e-01,-1.429884844680562139e+01,-8.149758343200113586e+01
6.806806806806806609e-01,-1.510717907385170555e+01,-8.006982274120689169e+01
6.906906906906906674e-01,-1.590077504033257050e+01,-7.856489202536606342e+01
7.007007007007006738e-01,-1.667889581833825474e+01,-7.698441984047538256e+01
7.107107107107106803e-01,-1.744081841112764764e+01,-7.533013154156392943e+01
7.207207207207206867e-01,-1.818583735312852312e+01,-7.360384928269310478e+01
7.307307307307306932e-01,-1.891326470993748998e+01,-7.180749201695660133e+01
7.407407407407406996e-01,-1.962243007832006114e+01,-6.994307549648041800e+01
7.507507507507507061e-01,-2.031268058621057193e+01,-6.801271227242288830e+01
7.607607607607607125e-01,-2.098338089271225826e+01,-6.601861169497458093e+01
7.707707707707707190e-01,-2.163391318809718555e+01,-6.396307991335846310e+01
7.807807807807807254e-01,-2.226367719380631982e+01,-6.184851987582974431e+01
7.907907907907907319e-01,-2.287209016244947435e+01,-5.967743132967598996e+01
8.008008008008007383e-01,-2.345858687780530971e+01,-5.745241082121702902e+01
8.108108108108108558e-01,-2.402261965482139416e+01,-5.517615169580501089e+01
8.208208208208208623e-01,-2.456365833961411482e+01,-5.285144409782441954e+01
8.308308308308308687e-01,-2.508119030946874162e+01,-5.048117497069205228e+01
8.408408408408408752e-01,-2.557472047283941663e+01,-4.806832805685693444e+01
8.508508508508508816e-01,-2.604377126934915054e+01,-4.561598389780050411e+01
8.608608608608608881e-01,-2.648808357867493513e+01,-4.312595181726240412e+01
8.708708708708708945e-01,-2.690759849287223915e+01,-4.059825294943552620e+01
8.808808808808809010e-01,-2.730188759064613180e+01,-3.803511157927260911e+01
8.908908908908909074e-01,-2.767054056916934357e+01,-3.543882648303024041e+01
9.009009009009009139e-01,-2.801317592941141754e+01,-3.281170489898417486e+01
9.109109109109109204e-01,-2.832944097613869872e+01,-3.015606252742933791e+01
9.209209209209209268e-01,-2.861901181791436244e+01,-2.747422353067983281e+01
9.309309309309309333e-01,-2.888159336709838598e+01,-2.476852053306893708e+01
9.409409409409409397e-01,-2.911691933984757341e+01,-2.204129462094909542e+01
9.509509509509509462e-01,-2.932475225611554492e+01,-1.929489534269193030e+01
9.609609609609609526e-01,-2.950488343965272975e+01,-1.653168070868825623e+01
9.709709709709709591e-01,-2.965713301800637325e+01,-1.375401719134801226e+01
9.809809809809809655e-01,-2.978134992252052982e+01,-1.096427972510037385e+01
9.909909909909909720e-01,-2.987741188833608774e+01,-8.164851706393635666e+00
1.001001001001001089e+00,-2.994522545439073369e+01,-5.358124993695244420e+00
1.011011011011011096e+00,-2.998472596341898111e+01,-2.546499907491954762e+00
1.021021021021021102e+00,-2.999587756195214183e+01,2.676147697104425682e-01
1.031031031031031109e+00,-2.997867320031836869e+01,3.081801793386944155e+00
1.041041041041041115e+00,-2.993313463264260577e+01,5.893635456993354893e+00
1.051051051051051122e+00,-2.985931241684663462e+01,8.700681591966333173e+00
1.061061061061061128e+00,-2.975728591464903161e+01,1.150049756772333964e+01
1.071071071071071135e+00,-2.962716329156519990e+01,1.429063229166267845e+01
1.081081081081081141e+00,-2.946908151690735167e+01,1.706862620916346529e+01
1.091091091091091148e+00,-2.928320636378452591e+01,1.983201130358564512e+01
1.101101101101101154e+00,-2.906973240910256351e+01,2.257831109627000998e+01
1.111111111111111160e+00,-2.882888303356413218e+01,2.530504064653817053e+01
1.121121121121121167e+00,-2.856091042166870153e+01,2.800970655169254186e+01
1.131131131131131173e+00,-2.826609556171257509e+01,3.068980694701637901e+01
1.141141141141141180e+00,-2.794474824578885830e+01,3.334283150577378052e+01
1.151151151151151186e+00,-2.759720706978747629e+01,3.596626143920966001e+01
1.161161161161161193e+00,-2.722383943339516321e+01,3.855756949654973198e+01
1.171171171171171199e+00,-2.682501105478805670e+01,4.111451181878361893e+01
1.181181181181181206e+00,-2.640090405614228786e+01,4.363647032557454963e+01
1.191191191191191212e+00,-2.595184385121607917e+01,4.612106406463060182e+01
1.201201201201201219e+00,-2.547821422967089333e+01,4.856557713305981139e+01
1.211211211211211225e+00,-2.498042110819801920e+01,5.096735916600134431e+01
1.221221221221221231e+00,-2.445889253051857182e+01,5.332382533662545399e+01
1.231231231231231238e+00,-2.391407866738348176e+01,5.563245635613353102e+01
1.241241241241241244e+00,-2.334645181657349511e+01,5.789079847375808185e+01
1.251251251251251251e+00,-2.275650640289918059e+01,6.009646347676274303e+01
1.261261261261261257e+00,-2.214475897820092953e+01,6.224712869044225272e+01
1.271271271271271264e+00,-2.151174822134895948e+01,6.434053697812247208e+01
1.281281281281281270e+00,-2.085803493824329280e+01,6.637449674116039944e+01
1.291291291291291277e+00,-2.018420206181378163e+01,6.834688191894409215e+01
1.301301301301301283e+00,-1.949085465202010425e+01,7.025563198889283001e+01
1.311311311311311290e+00,-1.877861989585174385e+01,7.209875196645690210e+01
1.321321321321321296e+00,-1.804814710732801686e+01,7.387431240511779151e+01
1.331331331331331302e+00,-1.730010772749805881e+01,7.558044939638809012e+01
1.341341341341341309e+00,-1.653519532444081008e+01,7.721536456981148433e+01
1.351351351351351315e+00,-1.575412559326505502e+01,7.877732509296275509e+01
1.361361361361361322e+00,-1.495763635610937570e+01,8.026466367144787739e+01
1.371371371371371328e+00,-1.414648756214219461e+01,8.167577854890389233e+01
1.381381381381381335e+00,-1.332146128756174086e+01,8.300913350699896398e+01
1.391391391391391341e+00,-1.248336173559606621e+01,8.426325786543239360e+01
1.401401401401401348e+00,-1.163301523650304325e+01,8.543674648193457699e+01
1.411411411411411354e+00,-1.077127024757036722e+01,8.652825975226706134e+01
1.421421421421421361e+00,-9.898997353115550624e+00,8.753652361022245998e+01
1.431431431431431367e+00,-9.017089264485932176e+00,8.846032952762458024e+01
1.441441441441441373e+00,-8.126460820058666101e+00,8.929853451432829559e+01
1.451451451451451380e+00,-7.228048985240713264e+00,9.005006111821960246e+01
1.461461461461461386e+00,-6.322812852468888245e+00,9.071389742521563448e+01
1.471471471471471393e+00,-5.411700305910256859e+00,9.128917394058892398e+01
1.481481481481481399e+00,-4.495188549990932536e+00,9.177619123735317430e+01
1.491491491491491406e+00,-3.574086658708378383e+00,9.217452124751052622e+01
1.501501501501501412e+00,-2.649370702665770239e+00,9.248344134766904290e+01
1.511511511511511419e+00,-1.722007192013667920e+00,9.270235003522662964e+01
1.521521521521521425e+00,-7.929530764500225537e-01,9.283076692837104815e+01
1.531531531531531432e+00,1.368442547798285336e-01,9.286833276607990229e+01
1.541541541541541438e+00,1.066446972883159372e+00,9.281480940812062386e+01
1.551551551551551444e+00,1.994926809519858457e+00,9.267007983505048685e+01
1.561561561561561451e+00,2.921365056802423865e+00,9.243414814821663583e+01
1.571571571571571457e+00,3.844852567295963031e+00,9.210713956975602912e+01
1.581581581581581464e+00,4.764489754018202738e+00,9.168930044259550982e+01
1.591591591591591470e+00,5.679386590439476912e+00,9.118099823045172059e+01
1.601601601601601477e+00,6.588662610482726834e+00,9.058272151783117465e+01
1.611611611611611705e+00,7.491446908523539783e+00,8.989508001003021320e+01
1.621621621621621712e+00,8.386878139390036679e+00,8.911880453313503381e+01
1.631631631631631718e+00,9.274104518363028404e+00,8.825474703402170462e+01
1.641641641641641725e+00,1.015228382117591188e+01,8.730388058035607912e+01
1.651651651651651731e+00,1.102058338401467985e+01,8.626729936059390980e+01
1.661661661661661737e+00,1.187818010351796794e+01,8.514621868398073445e+01
1.671671671671671744e+00,1.272426043677699781e+01,8.394197498055200413e+01
1.681681681681681750e+00,1.355802040133560915e+01,8.265602580113296938e+01
1.691691691691691757e+00,1.437866557519026856e+01,8.128994981733872294e+01
1.701701701701701763e+00,1.518541109679003220e+01,7.984544682157424234e+01
1.711711711711711770e+00,1.597748166503657963e+01,7.832433772703427621e+01
1.721721721721721776e+00,1.675411153928420660e+01,7.672856456770352906e+01
1.731731731731731783e+00,1.751454453933982336e+01,7.506019049835643386e+01
1.741741741741741789e+00,1.825803404546293152e+01,7.332139979455733680e+01
1.751751751751751796e+00,1.898384299836566314e+01,7.151449785266039783e+01
1.761761761761761802e+00,1.969124389921275409e+01,6.964191118980967588e+01
1.771771771771771808e+00,2.037951880962155826e+01,6.770618744393894417e+01
1.781781781781781815e+00,2.104795935166204401e+01,6.570999537377200284e+01
1.791791791791791821e+00,2.169586670785678351e+01,6.365612485882235916e+01
1.801801801801801828e+00,2.232265108884684679e+01,6.154704824320795353e+01
1.811811811811811834e+00,2.292825589015258458e+01,5.938276554548954067e+01
1.821821821821821841e+00,2.351216541899645662e+01,5.716500765761127667e+01
1.831831831831831847e+00,2.407379071609874188e+01,5.489593812133179540e+01
1.841841841841841854e+00,2.461257087595926762e+01,5.257773811731296121e+01
1.851851851851851860e+00,2.512797304685744137e+01,5.021260646511988313e+01
1.861861861861861867e+00,2.561949243085223671e+01,4.780275962322087224e+01
1.871871871871871873e+00,2.608665228378218259e+01,4.535043168898744170e+01
1.881881881881881879e+00,2.652900391526538471e+01,4.285787439869437065e+01
1.891891891891891886e+00,2.694612668869950411e+01,4.032735712751961188e+01
1.901901901901901892e+00,2.733762802126178215e+01,3.776116688954438416e+01
1.911911911911911899e+00,2.770314338390900488e+01,3.516160833775311545e+01
1.921921921921921905e+00,2.804233630137754218e+01,3.253100376403341443e+01
1.931931931931931912e+00,2.835489835218332288e+01,2.987169309917615223e+01
1.941941941941941918e+00,2.864054916862183831e+01,2.718603391287543403e+01
1.951951951951951925e+00,2.889903643676815292e+01,2.447640141372854217e+01
1.961961961961961931e+00,2.913013589647689372e+01,2.174518844923601080e+01
1.971971971971971938e+00,2.933365134138224661e+01,1.899480550580158322e+01
1.981981981981981944e+00,2.950941461889797779e+01,1.622768070873222968e+01
1.991991991991991950e+00,2.965728563021740882e+01,1.344625982223814908e+01
2.002002002002002179e+00,2.977715233031341668e+01,1.065300624943269447e+01
2.012012012012012185e+00,2.986893072793847992e+01,7.850401032332580797e+00
2.022022022022022192e+00,2.993256488562458628e+01,5.040942851857656670e+00
2.032032032032032198e+00,2.996802691968334997e+01,2.227148027830943899e+00
2.042042042042042205e+00,2.997531700020591572e+01,-5.884494810212133054e-01
2.052052052052052211e+00,2.995446335106299429e+01,-3.403298077069335736e+00
2.062062062062062218e+00,2.990552224990487673e+01,-6.214828523780642655e+00
2.072072072072072224e+00,2.982857802816140946e+01,-9.020453945719216549e+00
2.082082082082082231e+00,2.972374307104200142e+01,-1.181756982854583882e+01
2.092092092092092237e+00,2.959115781753563823e+01,-1.460355401901814254e+01
2.102102102102102243e+00,2.943099079423157249e+01,-1.737579210847109223e+01
2.112112112112112250e+00,2.924341702322882597e+01,-2.013343116261183496e+01
2.122122122122122256e+00,2.902856371453183826e+01,-2.287486945394996596e+01
2.132132132132132263e+00,2.878656887452854818e+01,-2.559740779701713009e+01
2.142142142142142269e+00,2.851759684264510852e+01,-2.829838382584618728e+01
2.152152152152152276e+00,2.822183829134584698e+01,-3.097517199397120891e+01
2.162162162162162282e+00,2.789951022613331588e+01,-3.362518357442746719e+01
2.172172172172172289e+00,2.755085598554825665e+01,-3.624586665975149202e+01
2.182182182182182295e+00,2.717614524116959629e+01,-3.883470616198097503e+01
2.192192192192192302e+00,2.677567399761448996e+01,-4.138922381265485484e+01
2.202202202202202308e+00,2.634976459253825709e+01,-4.390697816281329580e+01
2.212212212212212314e+00,2.589876569663444172e+01,-4.638556458299764529e+01
2.222222222222222321e+00,2.542305231363477347e+01,-4.882261526325049061e+01
2.232232232232232327e+00,2.492302578030918880e+01,-5.121579921311563055e+01
2.242242242242242334e+00,2.439911376646581687e+01,-5.356282226163807536e+01
2.252252252252252340e+00,2.385177027495098656e+01,-5.586142705736403258e+01
2.262262262262262347e+00,2.328147564164923367e+01,-5.810939306834097806e+01
2.272272272272272353e+00,2.268873653548327951e+01,-6.030453658211752099e+01
2.282282282282282360e+00,2.207408595841404875e+01,-6.244471070574357441e+01
2.292292292292292366e+00,2.143808324544068000e+01,-6.452780536577023440e+01
2.302302302302302373e+00,2.078131406460047970e+01,-6.655174730824973039e+01
2.312312312312312379e+00,2.010439041696898244e+01,-6.851450009873568092e+01
2.322322322322322385e+00,1.940795063665990483e+01,-7.041406412228276679e+01
2.332332332332332392e+00,1.869265939082517392e+01,-7.224847658344694423e+01
2.342342342342342398e+00,1.795920767965490583e+01,-7.401581150628537387e+01
2.352352352352352405e+00,1.720831283637741294e+01,-7.571417973435644910e+01
2.362362362362362411e+00,1.644071852725922156e+01,-7.734172893071973931e+01
2.372372372372372418e+00,1.565719475160504182e+01,-7.889664357793608929e+01
2.382382382382382424e+00,1.485853784175778891e+01,-8.037714497806751979e+01
2.392392392392392431e+00,1.404557046309857604e+01,-8.178149125267725594e+01
2.402402402402402437e+00,1.321914161404672150e+01,-8.310797734282976990e+01
2.412412412412412444e+00,1.238012662605972736e+01,-8.435493500909073816e+01
2.422422422422422450e+00,1.152942716363330433e+01,-8.552073283152702743e+01
2.432432432432432456e+00,1.066779804036455914e+01,-8.660429759514680370e+01
2.442442442442442463e+00,9.795614205552158893e+00,-8.760570925743542148e+01
2.452452452452452469e+00,8.913749858438094975e+00,-8.852354644421139085e+01
2.462462462462462476e+00,8.023118473298429976e+00,-8.935638845387939000e+01
2.472472472472472482e+00,7.124631291862990601e+00,-9.010294445274955422e+01
2.482482482482482489e+00,6.219197323315359682e+00,-9.076205347503766063e+01
2.492492492492492495e+00,5.307723344292884171e+00,-9.133268442286491506e+01
2.502502502502502502e+00,4.391113898886683131e+00,-9.181393606625810833e+01
2.512512512512512508e+00,3.470271298641628199e+00,-9.220503704314954518e+01
2.522522522522522515e+00,2.546095622556356908e+00,-9.250534585937708698e+01
2.532532532532532521e+00,1.619484717083274683e+00,-9.271435088868408059e+01
2.542542542542542527e+00,6.913341961285367487e-01,-9.283167037271944366e+01
2.552552552552552534e+00,-2.374625589479209542e-01,-9.285705242103760781e+01
2.562562562562562540e+00,-1.166014399332409912e+00,-9.279037501109853281e+01
2.572572572572572547e+00,-2.093432408757483820e+00,-9.263164598826773499e+01
2.582582582582582553e+00,-3.018829903501918377e+00,-9.238100306581623045e+01
2.592592592592592560e+00,-3.941322432390742758e+00,-9.203871382492057762e+01
2.602602602602602566e+00,-4.860027776795214471e+00,-9.160517571466289155e+01
2.612612612612612573e+00,-5.774065950632819799e+00,-9.108091605203078700e+01
2.622622622622622579e+00,-6.682559200367307106e+00,-9.046659202191739269e+01
2.632632632632632586e+00,-7.584632005008626443e+00,-8.976299067712145074e+01
2.642642642642642592e+00,-8.479411076113008150e+00,-8.897102893834711779e+01
2.652652652652652598e+00,-9.366025357782870486e+00,-8.809175359420420648e+01
2.662662662662662605e+00,-1.024360602666692088e+01,-8.712634130120794396e+01
2.672672672672672611e+00,-1.111128649196006002e+01,-8.607609858377915657e+01
2.682682682682682618e+00,-1.196820239540345021e+01,-8.494246183424422725e+01
2.692692692692692624e+00,-1.281349161128448166e+01,-8.372699731283499602e+01
2.702702702702702631e+00,-1.364629424643678135e+01,-8.243140114768887372e+01
2.712712712712712637e+00,-1.446575264024021479e+01,-8.105749933484879932e+01
2.722722722722722644e+00,-1.527101136462089492e+01,-7.960724773826326839e+01
2.732732732732732650e+00,-1.606121722405115904e+01,-7.808273208978626201e+01
2.742742742742742657e+00,-1.683551925554957762e+01,-7.648616798917730364e+01
2.752752752752752663e+00,-1.759307311895926773e+01,-7.481988850477716824e+01
2.762762762762762669e+00,-1.833356468337396095e+01,-7.308477138010368890e+01
2.772772772772772676e+00,-1.905657896656724759e+01,-7.128179514021793750e+01
2.782782782782782682e+00,-1.976138145569693449e+01,-6.941288622720263390e+01
2.792792792792792689e+00,-2.044726439588862732e+01,-6.748000190967178469e+01
2.802802802802802695e+00,-2.111354679023573411e+01,-6.548513028277068315e+01
2.812812812812812702e+00,-2.175957439979946884e+01,-6.343029026817588800e+01
2.822822822822822708e+00,-2.238471974360883365e+01,-6.131753161409522335e+01
2.832832832832832715e+00,-2.298838209866063664e+01,-5.914893489526784265e+01
2.842842842842842721e+00,-2.356998749991948117e+01,-5.692661151296410793e+01
2.852852852852852727e+00,-2.412898874031777297e+01,-5.465270369498568925e+01
2.862862862862862734e+00,-2.466486537075572372e+01,-5.232938449566555050e+01
2.872872872872872740e+00,-2.517712370010133327e+01,-4.995885779586791386e+01
2.882882882882882747e+00,-2.566529679519040386e+01,-4.754335830298825982e+01
2.892892892892892753e+00,-2.612894448082654364e+01,-4.508515155095336979e+01
2.902902902902902760e+00,-2.656765333978115251e+01,-4.258653390022131191e+01
2.912912912912912766e+00,-2.698103671279344340e+01,-4.004983253778141972e+01
2.922922922922922773e+00,-2.736873469857040320e+01,-3.747740547715427084e+01
2.932932932932932779e+00,-2.773041415378685315e+01,-3.487164155839177937e+01
2.942942942942942786e+00,-2.806576869308538136e+01,-3.223496044807708216e+01
2.952952952952952792e+00,-2.837451868907639607e+01,-2.956981263932462767e+01
2.962962962962962798e+00,-2.865641127233809016e+01,-2.687867945178012619e+01
2.972972972972972805e+00,-2.891122033141647307e+01,-2.416407303162057474e+01
2.982982982982982811e+00,-2.913874651282534600e+01,-2.142853635155423220e+01
2.992992992992992818e+00,-2.933881722104630896e+01,-1.867464321082064060e+01
3.003003003003002824e+00,-2.951128661852875368e+01,-1.590499823519062694e+01
3.013013013013012831e+00,-2.965603562568988139e+01,-1.312223687696628716e+01
3.023023023023022837e+00,-2.977297192091470279e+01,-1.032902541498098259e+01
3.033033033033032844e+00,-2.986202994055599902e+01,-7.528060954599408383e+00
3.043043043043042850e+00,-2.992317087893438199e+01,-4.722071427717400738e+00
3.053053053053052857e+00,-2.995640679941272566e+01,-1.913482271536394386e+00
3.063063063063062863e+00,-2.996186194597153829e+01,8.971181880356452476e-01
3.073073073073072869e+00,-2.993949276445282237e+01,3.707530919028404703e+00
3.083083083083082876e+00,-2.988925190386864372e+01,6.515209752848843294e+00
3.093093093093092882e+00,-2.981112036903379803e+01,9.317624301199296966e+00
3.103103103103102889e+00,-2.970510752056586412e+01,1.211225995607747485e+01
3.113113113113112895e+00,-2.957125107488515781e+01,1.489661788977646317e+01
3.123123123123122902e+00,-2.940961710421477449e+01,1.766821505488471900e+01
3.133133133133132908e+00,-2.922030003658056430e+01,2.042458418428606493e+01
3.143143143143142915e+00,-2.900342265581111789e+01,2.316327379115972462e+01
3.153153153153152921e+00,-2.875913610153780198e+01,2.588184816898025886e+01
3.163163163163162928e+00,-2.848761986919474154e+01,2.857788739151762414e+01
3.173173173173172934e+00,-2.818908181001882340e+01,3.124898731283715492e+01
3.183183183183182940e+00,-2.786375813104967847e+01,3.389275956729955652e+01
3.193193193193192947e+00,-2.751191339512971368e+01,3.650683156956088737e+01
3.203203203203202953e+00,-2.713384052090408005e+01,3.908884651457260162e+01
3.213213213213213404e+00,-2.672986078282068689e+01,4.163646337758163440e+01
3.223223223223223410e+00,-2.630032381113024087e+01,4.414735691412996488e+01
3.233233233233233417e+00,-2.584560759188616075e+01,4.661921766005527701e+01
3.243243243243243423e+00,-2.536611846694463779e+01,4.904975193149050483e+01
3.253253253253253430e+00,-2.486229113396463219e+01,5.143668182486396034e+01
3.263263263263263436e+00,-2.433458864640785535e+01,5.377774521689936194e+01
3.273273273273273443e+00,-2.378350241353877692e+01,5.607069576461574911e+01
3.283283283283283449e+00,-2.320955220042463196e+01,5.831330290532756777e+01
3.293293293293293456e+00,-2.261328612793540671e+01,6.050335185664465598e+01
3.303303303303303462e+00,-2.199528067274385279e+01,6.263864361647218004e+01
3.313313313313313468e+00,-2.135614066732546945e+01,6.471699496301069132e+01
3.323323323323323475e+00,-2.069649929995853910e+01,6.673623845475614758e+01
3.333333333333333481e+00,-2.001701811472408110e+01,6.869422243049986321e+01
3.343343343343343488e+00,-1.931838701150588022e+01,7.058881100932852348e+01
3.353353353353353494e+00,-1.860132424599047951e+01,7.241788409062414189e+01
3.363363363363363501e+00,-1.786657642966718740e+01,7.417933735406418805e+01
3.373373373373373507e+00,-1.711491852982805639e+01,7.587108225962144559e+01
3.383383383383383514e+00,-1.634713121293179583e+01,7.749113714680481735e+01
3.393393393393393520e+00,-1.556355467321068886e+01,7.903930487622412215e+01
3.403403403403403527e+00,-1.476480032570767520e+01,8.051415039679694985e+01
3.413413413413413533e+00,-1.395167302784280494e+01,8.191356834924434338e+01
3.423423423423423539e+00,-1.312498328156916649e+01,8.323557991722314853e+01
3.433433433433433546e+00,-1.228554723337286170e+01,8.447833282732578652e+01
3.443443443443443552e+00,-1.143418667427302360e+01,8.564010134908043881e+01
3.453453453453453559e+00,-1.057172903982180934e+01,8.671928629495093332e+01
3.463463463463463565e+00,-9.699007410104400151e+00,8.771441502033674453e+01
3.473473473473473572e+00,-8.816860509739006702e+00,8.862414142357310709e+01
3.483483483483483578e+00,-7.926132707876856642e+00,8.944724594593084532e+01
3.493493493493493585e+00,-7.027674018202215045e+00,9.018263557161652955e+01
3.503503503503503591e+00,-6.122340098932366637e+00,9.082934382777236237e+01
3.513513513513513598e+00,-5.210992252817614023e+00,9.138653078447627820e+01
3.523523523523523604e+00,-4.294497427141298118e+00,9.185348305474184372e+01
3.533533533533533610e+00,-3.373728213719784819e+00,9.222961379451831476e+01
3.543543543543543617e+00,-2.449562848902453460e+00,9.251446270269063632e+01
3.553553553553553623e+00,-1.522885213571717911e+00,9.270769602107945673e+01
3.563563563563563630e+00,-5.945848331430139133e-01,9.280910653444104241e+01
3.573573573573573636e+00,3.344431224351916421e-01,9.281861357046739158e+01
3.583583583583583643e+00,1.263297838681405771e+00,9.273626299978614895e+01
3.593593593593593649e+00,2.191072856581127937e+00,9.256222723596069102e+01
3.603603603603603656e+00,3.116856072586811077e+00,9.229680523548999815e+01
3.613613613613613662e+00,4.039729738617888977e+00,9.194042249780879672e+01
3.623623623623623669e+00,4.958770462060773987e+00,9.149363106528744538e+01
3.633633633633633675e+00,5.873049205768843706e+00,9.095710952323202036e+01
3.643643643643643681e+00,6.781631288062465401e+00,9.033166299988423020e+01
3.653653653653653688e+00,7.683576382728960930e+00,8.961822316642152941e+01
3.663663663663663694e+00,8.577938519022646702e+00,8.881784823695699060e+01
3.673673673673673701e+00,9.463766081664815033e+00,8.793172296853938974e+01
3.683683683683683707e+00,1.034010181084369684e+01,8.696115866115316351e+01
3.693693693693693714e+00,1.120598280221453535e+01,8.590759315771849458e+01
3.703703703703703720e+00,1.206046898481059948e+01,8.477255327184619205e+01
3.713713713713713727e+00,1.290323624663874114e+01,8.355680439911631652e+01
3.723723723723723733e+00,1.373365159751908138e+01,8.226145605589107390e+01
3.733733733733733740e+00,1.455085585585119823e+01,8.088797890168086724e+01
3.743743743743743746e+00,1.535401425878127313e+01,7.943789698549073819e+01
3.753753753753753752e+00,1.614231646220207139e+01,7.791278774582033861e+01
3.763763763763763759e+00,1.691497654075295287e+01,7.631428201066394479e+01
3.773773773773773765e+00,1.767123298781987017e+01,7.464406399751035792e+01
3.783783783783783772e+00,1.841034871553536334e+01,7.290387131334307469e+01
3.793793793793793778e+00,1.913161105477856694e+01,7.109549495464017355e+01
3.803803803803803785e+00,1.983433175517520652e+01,6.922077930737434315e+01
3.813813813813813791e+00,2.051784698509760219e+01,6.728162214701285393e+01
3.823823823823823798e+00,2.118151733166466144e+01,6.527997463851762916e+01
3.833833833833833804e+00,2.182472780074188634e+01,6.321784133634514546e+01
3.843843843843843811e+00,2.244688781694136281e+01,6.109728018444653230e+01
3.853853853853853817e+00,2.304743122362178553e+01,5.892040251626749381e+01
3.863863863863863823e+00,2.362581628288842239e+01,5.668937305474839405e+01
3.873873873873873830e+00,2.418152567559315003e+01,5.440640991232413626e+01
3.883883883883883836e+00,2.471406650133441474e+01,5.207378459092427647e+01
3.893893893893893843e+00,2.522297027845727513e+01,4.969382198197295963e+01
3.903903903903903849e+00,2.570779294405337367e+01,4.726890036638895509e+01
3.913913913913913856e+00,2.616811485396094383e+01,4.480145141458561397e+01
3.923923923923923862e+00,2.660354078276480649e+01,4.229396018647092603e+01
3.933933933933933869e+00,2.701369992379638774e+01,3.974896513144748411e+01
3.943943943943943875e+00,2.739824588913369041e+01,3.716905808841243442e+01
3.953953953953953881e+00,2.775685670960131901e+01,3.455688428575761861e+01
3.963963963963963888e+00,2.808923483477045835e+01,3.191514234136941397e+01
3.973973973973973894e+00,2.839510713295889843e+01,2.924658426262885413e+01
3.983983983983983901e+00,2.867422489123101315e+01,2.655401544641154743e+01
3.993993993993993907e+00,2.892636381539777446e+01,2.384029467908771949e+01
4.004004004004004358e+00,2.915133222853318529e+01,2.110826599941705339e+01
4.014014014014014364e+00,2.934916866569784943e+01,1.835876989109895874e+01
4.024024024024024371e+00,2.951974464015216881e+01,1.559336568993343519e+01
4.034034034034034377e+00,2.966284008493213520e+01,1.281446882312129354e+01
4.044044044044044384e+00,2.977826395975128904e+01,1.002449264513131588e+01
4.054054054054054390e+00,2.986585425100073010e+01,7.225848437700235216e+00
4.064064064064064397e+00,2.992547797174912105e+01,4.420945409832762962e+00
4.074074074074074403e+00,2.995703116174267322e+01,1.612190697801569872e+00
4.084084084084084409e+00,2.996043888740516437e+01,-1.198010634852713974e+00
4.094094094094094416e+00,2.993565524183791737e+01,-4.007255597321502272e+00
4.104104104104104422e+00,2.988266334481981801e+01,-6.813143271528222300e+00
4.114114114114114429e+00,2.980147534280731847e+01,-9.613274812128347335e+00
4.124124124124124435e+00,2.969213240893440897e+01,-1.240525344650939488e+01
4.134134134134134442e+00,2.955470474301266037e+01,-1.518668447479091377e+01
4.144144144144144448e+00,2.938929157153117799e+01,-1.795517526982446910e+01
4.154154154154154455e+00,2.919602114765663359e+01,-2.070833527719369727e+01
4.164164164164164461e+00,2.897505075123325469e+01,-2.344377601521424737e+01
4.174174174174174468e+00,2.872656668878283526e+01,-2.615911107493380783e+01
4.184184184184184474e+00,2.845078429350471438e+01,-2.885195612013210464e+01
4.194194194194194480e+00,2.814794792527579048e+01,-3.151992888732089781e+01
4.204204204204204487e+00,2.781833097065052129e+01,-3.416064918574399911e+01
4.214214214214214493e+00,2.746223584286092390e+01,-3.677173889737721169e+01
4.224224224224224500e+00,2.707999398181656403e+01,-3.935082197692845085e+01
4.234234234234234506e+00,2.667196585410457388e+01,-4.189552445183757357e+01
4.244244244244244513e+00,2.623854095298963784e+01,-4.440347442227656671e+01
4.254254254254254519e+00,2.578013779841399966e+01,-4.687230206114936237e+01
4.264264264264264526e+00,2.529720393699745529e+01,-4.929963961409200124e+01
4.274274274274274532e+00,2.479021594203736711e+01,-5.168312139947253314e+01
4.284284284284284539e+00,2.425967941350864621e+01,-5.402038380839102416e+01
4.294294294294294545e+00,2.370612897806375940e+01,-5.630906530467960636e+01
4.304304304304304551e+00,2.313012828903273643e+01,-5.854680642490244935e+01
4.314314314314314558e+00,2.253227002642316990e+01,-6.073124977835575322e+01
4.324324324324324564e+00,2.191317589692018686e+01,-6.286004004706769166e+01
4.334334334334334571e+00,2.127344993043331201e+01,-6.493107613937496581e+01
4.344344344344344577e+00,2.061335201599951716e+01,-6.694404251489663693e+01
4.354354354354354584e+00,1.993343043211298138e+01,-6.889681640530653794e+01
4.364364364364364590e+00,1.923433442670803828e+01,-7.078687175223683425e+01
4.374374374374374597e+00,1.851672679918808129e+01,-7.261179082280658292e+01
4.384384384384384603e+00,1.778128390042558493e+01,-7.436926420962183215e+01
4.394394394394394610e+00,1.702869563276207643e+01,-7.605709083077549337e+01
4.404404404404404616e+00,1.625966545000814278e+01,-7.767317792984744074e+01
4.414414414414414622e+00,1.547491035744345567e+01,-7.921554107590448268e+01
4.424424424424424629e+00,1.467516091181673943e+01,-8.068230416350033352e+01
4.434434434434434635e+00,1.386116122134578532e+01,-8.207169941267564184e+01
4.444444444444444642e+00,1.303366894571745149e+01,-8.338206736895803317e+01
4.454454454454454648e+00,1.219345529608766476e+01,-8.461185690336196785e+01
4.464464464464464655e+00,1.134130503508140997e+01,-8.575962521238892577e+01
4.474474474474474661e+00,1.047801647679274062e+01,-8.682403781802726428e+01
4.484484484484484668e+00,9.604401486784786002e+00,-8.780386856775228921e+01
4.494494494494494674e+00,8.721285482089722763e+00,-8.869799963452624070e+01
4.504504504504504681e+00,7.829507431208805990e+00,-8.950542151679825054e+01
4.514514514514514687e+00,6.929919854112358557e+00,-9.022523303850444165e+01
4.524524524524524693e+00,6.023388822239750695e+00,-9.085664134906780021e+01
4.534534534534534700e+00,5.110793958499439071e+00,-9.139896192339827508e+01
4.544544544544544706e+00,4.193028437268937481e+00,-9.185161856189276364e+01
4.554554554554554713e+00,3.270998984394818176e+00,-9.221414339043506914e+01
4.564564564564564719e+00,2.345625877192729192e+00,-9.248617686039591490e+01
4.574574574574574726e+00,1.417842944447387676e+00,-9.266746774863295855e+01
4.584584584584584732e+00,4.885975664125702389e-01,-9.275787315749077777e+01
4.594594594594594739e+00,-4.411493251889014311e-01,-9.275735851480092720e+01
4.604604604604604745e+00,-1.370423247165096559e+00,-9.266599757388183889e+01
4.614614614614614752e+00,-2.298236164855051111e+00,-9.248397241353889342e+01
4.624624624624624758e+00,-3.223586492128736936e+00,-9.221157343806440565e+01
4.634634634634634764e+00,-4.145459091387038164e+00,-9.184919937723758210e+01
4.644644644644644771e+00,-5.062846331375591369e+00,-9.139736380236513469e+01
4.654654654654654777e+00,-5.975321545456979244e+00,-9.085683735759526769e+01
4.664664664664664784e+00,-6.882173905673502290e+00,-9.022830824492677948e+01
4.674674674674674790e+00,-7.782442617619843794e+00,-8.951245251257158486e+01
4.684684684684684797e+00,-8.675186959783983909e+00,-8.871003044037175300e+01
4.694694694694694803e+00,-9.559486283547201424e+00,-8.782188653979955006e+01
4.704704704704704810e+00,-1.043444001318406578e+01,-8.684894955395738236e+01
4.714714714714714816e+00,-1.129916764586244859e+01,-8.579223245757785321e+01
4.724724724724724823e+00,-1.215280875164351038e+01,-8.465283245702377712e+01
4.734734734734734829e+00,-1.299452297348171470e+01,-8.343193099028806614e+01
4.744744744744744835e+00,-1.382349002722481401e+01,-8.213079372699385772e+01
4.754754754754754842e+00,-1.463890970161386385e+01,-8.075077056839448630e+01
4.764764764764764848e+00,-1.544000185828321214e+01,-7.929329564737341229e+01
4.774774774774774855e+00,-1.622600643176049928e+01,-7.775988732844430729e+01
4.784784784784784861e+00,-1.699618342946667227e+01,-7.615214820775099724e+01
4.794794794794794868e+00,-1.774981293171596519e+01,-7.447176511306750513e+01
4.804804804804804874e+00,-1.848619509171590636e+01,-7.272050910379799404e+01
4.814814814814814881e+00,-1.920465013556732004e+01,-7.090023547097686674e+01
4.824824824824824887e+00,-1.990451836226434423e+01,-6.901288373726863767e+01
4.834834834834834894e+00,-2.058516014369439162e+01,-6.706047765696803253e+01
4.844844844844844900e+00,-2.124595592463817439e+01,-6.504512521599994557e+01
4.854854854854854906e+00,-2.188630622276970783e+01,-6.296901863191942539e+01
4.864864864864864913e+00,-2.250563162865630673e+01,-6.083443435391173892e+01
4.874874874874874919e+00,-2.310337280575856056e+01,-5.864373306279230036e+01
4.884884884884884926e+00,-2.367899049043037962e+01,-5.639935967100672087e+01
4.894894894894894932e+00,-2.423196549191895244e+01,-5.410384332263074469e+01
4.904904904904904939e+00,-2.476179869236478481e+01,-5.175979739337035568e+01
4.914914914914914945e+00,-2.526801104680165366e+01,-4.936991949056165652e+01
4.924924924924924952e+00,-2.575014358315664609e+01,-4.693699145317094690e+01
4.934934934934934958e+00,-2.620775740225013095e+01,-4.446387935179470219e+01
4.944944944944944965e+00,-2.664043367779580151e+01,-4.195353348865961607e+01
4.954954954954954971e+00,-2.704777365640062214e+01,-3.940898839762246553e+01
4.964964964964964977e+00,-2.742944414656119534e+01,-3.683302615549166603e+01
4.974974974974974984e+00,-2.778545713584175658e+01,-3.422567034627235216e+01
4.984984984984984990e+00,-2.811551902591216034e+01,-3.158863997639189236e+01
4.994994994994994997e+00,-2.841927362873116891e+01,-2.892426379093222266e+01
5.005005005005005003e+00,-2.869639368730440765e+01,-2.623487614070549867e+01
5.015015015015015010e+00,-2.894658087568440408e+01,-2.352281698225413109e+01
5.025025025025025016e+00,-2.916956579897055946e+01,-2.079043187785075020e+01
5.035035035035035023e+00,-2.936510799330914878e+01,-1.804007199549824492e+01
5.045045045045045029e+00,-2.953299592589335987e+01,-1.527409410892972019e+01
5.055055055055055035e+00,-2.967304699496322939e+01,-1.249486059760852719e+01
5.065065065065065042e+00,-2.978510752980569976e+01,-9.704739446728261498e+00
5.075075075075075048e+00,-2.986905279075459774e+01,-6.906104247212757841e+00
5.085085085085085055e+00,-2.992478696919062031e+01,-4.101334195716062503e+00
5.095095095095095061e+00,-2.995224318754135950e+01,-1.292814094622510179e+00
5.105105105105105068e+00,-2.995138349928127042e+01,1.517065647953386609e+00
5.115115115115115074e+00,-2.992219888893173163e+01,4.325909018166823827e+00
5.125125125125125081e+00,-2.986470927206096349e+01,7.131314396442789416e+00
5.135135135135135087e+00,-2.977896349528410624e+01,9.930874557476041531e+00
5.145145145145145094e+00,-2.966503933626313838e+01,1.272217667023105747e+01
5.155155155155155100e+00,-2.952304350370697605e+01,1.550280229794213760e+01
5.165165165165165106e+00,-2.935311163737137008e+01,1.827032739811327744e+01
5.175175175175175113e+00,-2.915540830805898764e+01,2.102232232251829913e+01
5.185185185185185119e+00,-2.893012701761936256e+01,2.375635181720073064e+01
5.195195195195195126e+00,-2.867749019894892726e+01,2.646997502247390344e+01
5.205205205205205132e+00,-2.839774921599097723e+01,2.916074547292089392e+01
5.215215215215215139e+00,-2.809118436373570660e+01,3.182621109739453047e+01
5.225225225225225145e+00,-2.775810486822019385e+01,3.446391421901742547e+01
5.235235235235235152e+00,-2.739884888652838768e+01,3.707139155518196105e+01
5.245245245245245158e+00,-2.701378350679113538e+01,3.964617421755021098e+01
5.255255255255255165e+00,-2.660330474818616153e+01,4.218578771205410760e+01
5.265265265265265171e+00,-2.616783756093806446e+01,4.468775193889527486e+01
5.275275275275275177e+00,-2.570783582631834818e+01,4.714958119254515623e+01
5.285285285285285184e+00,-2.522370817975588508e+01,4.956932857934710057e+01
5.295295295295295190e+00,-2.471566190274598540e+01,5.194632813618188294e+01
5.305305305305305197e+00,-2.418412803711903081e+01,5.427800819922362763e+01
5.315315315315315203e+00,-2.362958001239745087e+01,5.656169095777347877e+01
5.325325325325325210e+00,-2.305251114978321780e+01,5.879477768528406045e+01
5.335335335335335216e+00,-2.245343466215785355e+01,6.097474873935951223e+01
5.345345345345345223e+00,-2.183288365408243692e+01,6.309916356175547492e+01
5.355355355355355229e+00,-2.119141112179759290e+01,6.516566067837908349e+01
5.365365365365365236e+00,-2.052958995322352109e+01,6.717195769928899551e+01
5.375375375375375242e+00,-1.984801292795994954e+01,6.911585131869530585e+01
5.385385385385385248e+00,-1.914729271728616311e+01,7.099521731495970300e+01
5.395395395395395255e+00,-1.842806188416101776e+01,7.280801055059528437e+01
5.405405405405405261e+00,-1.769097288322290495e+01,7.455226497226669835e+01
5.415415415415415268e+00,-1.693669806078977658e+01,7.622609361079010171e+01
5.425425425425425274e+00,-1.616592965485912714e+01,7.782768858113313115e+01
5.435435435435435281e+00,-1.537937979510802045e+01,7.935532108241491756e+01
5.445445445445445287e+00,-1.457778050289306293e+01,8.080734139790608594e+01
5.455455455455455294e+00,-1.376188369125041433e+01,8.218217889502881235e+01
5.465465465465465300e+00,-1.293246116489579656e+01,8.347834202535671011e+01
5.475475475475475307e+00,-1.209030462022446883e+01,8.469441832461490094e+01
5.485485485485485313e+00,-1.123622564531126145e+01,8.582907441268008597e+01
5.495495495495495319e+00,-1.037105571991053665e+01,8.688105599358036102e+01
5.505505505505505326e+00,-9.495646215456229555e+00,8.784918785549535869e+01
5.515515515515515332e+00,-8.610868395061823222e+00,8.873237387075624838e+01
5.525525525525525339e+00,-7.717613413520343357e+00,8.952959699584566522e+01
5.535535535535535345e+00,-6.816792317304381399e+00,9.023991927139772429e+01
5.545545545545545352e+00,-5.909336044566072310e+00,9.086248182219812008e+01
5.555555555555555358e+00,-4.996195425137116786e+00,9.139650485718392758e+01
5.565565565565565365e+00,-4.078341180528753718e+00,9.184128766944384381e+01
5.575575575575575371e+00,-3.156763923931774851e+00,9.219620863621801732e+01
5.585585585585585378e+00,-2.232386422020757877e+00,9.246087859983215651e+01
5.595595595595595384e+00,-1.305647430166528622e+00,9.263583323858313179e+01
5.605605605605605390e+00,-3.774402220558046861e-01,9.272085804290875899e+01
5.615615615615615397e+00,5.512501979675257235e-01,9.271566402692984354e+01
5.625625625625625403e+00,1.479451836562555744e+00,9.262007469651844360e+01
5.635635635635635410e+00,2.406205711391363522e+00,9.243402604929799793e+01
5.645645645645645416e+00,3.330565851119011267e+00,9.215756657464314117e+01
5.655655655655655423e+00,4.251599295413545754e+00,9.179085725367987436e+01
5.665665665665665429e+00,5.168386094945995879e+00,9.133417155928549391e+01
5.675675675675675436e+00,6.080019311390374881e+00,9.078789545608859157e+01
5.685685685685685442e+00,6.985605017423682561e+00,9.015252740046901181e+01
5.695695695695695449e+00,7.884262296725893293e+00,8.942867834055796550e+01
5.705705705705705455e+00,8.775123243979978227e+00,8.861707171623793045e+01
5.715715715715715461e+00,9.657332964871883974e+00,8.771854345914267981e+01
5.725725725725725468e+00,1.053004957609054770e+01,8.673404199265728209e+01
5.735735735735735474e+00,1.139244420532787849e+01,8.566462823191812959e+01
5.745745745745745481e+00,1.224370099127878042e+01,8.451147558381288150e+01
5.755755755755755487e+00,1.308301708364114546e+01,8.327586994698052081e+01
5.765765765765765494e+00,1.390960264311582506e+01,8.195920971181132586e+01
5.775775775775775500e+00,1.472268084140668520e+01,8.056300576044684192e+01
5.785785785785785507e+00,1.552148786122055846e+01,7.908888146677996644e+01
5.795795795795795513e+00,1.630527289626725818e+01,7.753857269645484962e+01
5.805805805805805520e+00,1.707329815125959627e+01,7.591392780686696540e+01
5.815815815815815526e+00,1.782483884191335477e+01,7.421690764716309729e+01
5.825825825825825532e+00,1.855918319494730184e+01,7.244958555824126734e+01
5.835835835835835539e+00,1.927563244808320775e+01,7.061414737275089237e+01
5.845845845845845545e+00,1.997350085004579157e+01,6.871289141509258513e+01
5.855855855855855552e+00,2.065211566056279224e+01,6.674822850141832475e+01
5.865865865865865558e+00,2.131081715036491175e+01,6.472268193963138572e+01
5.875875875875875565e+00,2.194895860118582931e+01,6.263888752938630233e+01
5.885885885885885571e+00,2.256590630576223333e+01,6.049959356208896821e+01
5.895895895895895578e+00,2.316103956783377882e+01,5.830766082089648705e+01
5.905905905905905584e+00,2.373375070214310512e+01,5.606606258071735738e+01
5.915915915915915591e+00,2.428366777393169684e+01,5.377668347793364489e+01
5.925925925925925597e+00,2.481071544869946521e+01,5.143950598510242855e+01
5.935935935935935603e+00,2.531437298772084077e+01,4.905665795722874378e+01
5.945945945945945610e+00,2.579412993544698907e+01,4.663037069995167627e+01
5.955955955955955616e+00,2.624950424358264556e+01,4.416288876765801064e+01
5.965965965965965623e+00,2.668004227108615112e+01,4.165646996348224462e+01
5.975975975975975629e+00,2.708531878416941296e+01,3.911338533930661754e+01
5.985985985985985636e+00,2.746493695629792953e+01,3.653591919576105340e+01
5.995995995995995642e+00,2.781852836819079045e+01,3.392636908222321779e+01
6.006006006006005649e+00,2.814575300782065881e+01,3.128704579681849296e+01
6.016016016016015655e+00,2.844629927041379602e+01,2.862027338641997076e+01
6.026026026026025662e+00,2.871988395845002984e+01,2.592838914664846683e+01
6.036036036036035668e+00,2.896625228166279697e+01,2.321374362187250640e+01
6.046046046046045674e+00,2.918517785703910761e+01,2.047870060520834556e+01
6.056056056056055681e+00,2.937646270881954536e+01,1.772563713851995360e+01
6.066066066066065687e+00,2.953993726849829926e+01,1.495694351241899689e+01
6.076076076076075694e+00,2.967546037482312471e+01,1.217502326626490827e+01
6.086086086086085700e+00,2.978291927379537896e+01,9.382293188164780418e+00
6.096096096096095707e+00,2.986222961867000691e+01,6.581183314973453768e+00
6.106106106106105713e+00,2.991333546995550563e+01,3.774136932293507662e+00
6.116116116116115720e+00,2.993620929541399533e+01,9.636105744751869429e-01
6.126126126126125726e+00,2.993085197006116616e+01,-1.847925975383497343e+00
6.136136136136135732e+00,2.989729277616628167e+01,-4.657989685436844773e+00
6.146146146146145739e+00,2.983558940325221798e+01,-7.464084275091419585e+00
6.156156156156155745e+00,2.974582794809541397e+01,-1.026370021500608587e+01
6.166166166166165752e+00,2.962812291472589621e+01,-1.305431472709196861e+01
6.176176176176175758e+00,2.948261721442728245e+01,-1.583339178451250007e+01
6.186186186186185765e+00,2.930948216573677456e+01,-1.859838211168339228e+01
6.196196196196195771e+00,2.910891749444515852e+01,-2.134672318427258020e+01
6.206206206206205778e+00,2.888115133359679731e+01,-2.407583922920038333e+01
6.216216216216215784e+00,2.862644018435303295e+01,-2.678314227307723172e+01
6.226226226226225791e+00,2.834499345263613179e+01,-2.946753621782010413e+01
6.236236236236235797e+00,2.803698494371945671e+01,-3.212765144588694000e+01
6.246246246246245803e+00,2.770264905460026128e+01,-3.476074535996447423e+01
6.256256256256255810e+00,2.734224496393388648e+01,-3.736412388786443728e+01
6.266266266266265816e+00,2.695605663203373581e+01,-3.993514148252348406e+01
6.276276276276275823e+00,2.654439280087129660e+01,-4.247120112200327213e+01
6.286286286286285829e+00,2.610758699407612937e+01,-4.496975430949040486e+01
6.296296296296295836e+00,2.564599751693587493e+01,-4.742830107329648115e+01
6.306306306306305842e+00,2.516000745639624014e+01,-4.984438996685800305e+01
6.316316316316315849e+00,2.465002468106101929e+01,-5.221561806873651790e+01
6.326326326326325855e+00,2.411648184119206917e+01,-5.453963098261849041e+01
6.336336336336335862e+00,2.355983636870934106e+01,-5.681412283731535950e+01
6.346346346346345868e+00,2.298057047719083812e+01,-5.903683628676354544e+01
6.356356356356355874e+00,2.237919116187266155e+01,-6.120556251002440007e+01
6.366366366366365881e+00,2.175623019964897153e+01,-6.331814121128430628e+01
6.376376376376375887e+00,2.111224414907201563e+01,-6.537246061985453593e+01
6.386386386386385894e+00,2.044781435035211459e+01,-6.736645749017139906e+01
6.396396396396395900e+00,1.976354692535765167e+01,-6.929811710179609463e+01
6.406406406406405907e+00,1.906007277761510821e+01,-7.116547325941488111e+01
6.416416416416416801e+00,1.833804759230895698e+01,-7.296660829283902672e+01
6.426426426426426808e+00,1.759815183628195356e+01,-7.469965305700442570e+01
6.436436436436436814e+00,1.684109075803473132e+01,-7.636278693197230893e+01
6.446446446446446821e+00,1.606759438772606075e+01,-7.795423782292874648e+01
6.456456456456456827e+00,1.527841753717279616e+01,-7.947228216018480396e+01
6.466466466466466834e+00,1.447433979984985797e+01,-8.091524489917647145e+01
6.476476476476476840e+00,1.365616555089024153e+01,-8.228149952046472038e+01
6.486486486486486847e+00,1.282472394708503316e+01,-8.356946802973550348e+01
6.496496496496496853e+00,1.198086892688337102e+01,-8.477762095779974061e+01
6.506506506506506859e+00,1.112547921039249843e+01,-8.590447736059329031e+01
6.516516516516516866e+00,1.025945829937770348e+01,-8.694860481917696404e+01
6.526526526526526872e+00,9.383734477262381191e+00,-8.790861943973661141e+01
6.536536536536536879e+00,8.499207746551695308e+00,-8.878332905185776269e+01
6.546546546546546885e+00,7.606282513845516569e+00,-8.957294181314395587e+01
6.556556556556556892e+00,6.705760586401499523e+00,-9.027660351168329100e+01
6.566566566566566898e+00,5.798587372064610612e+00,-9.089317369861532825e+01
6.576576576576576905e+00,4.885702752967477025e+00,-9.142163900629464024e+01
6.586586586586586911e+00,3.968041085530386258e+00,-9.186111314829059893e+01
6.596596596596596918e+00,3.046531200461284339e+00,-9.221083691938754612e+01
6.606606606606606924e+00,2.122096402755775824e+00,-9.247017819558472240e+01
6.616616616616616930e+00,1.195654471697127352e+00,-9.263863193409629559e+01
6.626626626626626937e+00,2.681176608562649832e-01,-9.271582017335131809e+01
6.636636636636636943e+00,-6.596073019082310251e-01,-9.270149203299374108e+01
6.646646646646646950e+00,-1.586619214450116555e+00,-9.259552371388248559e+01
6.656656656656656956e+00,-2.512022400335490957e+00,-9.239791849809131463e+01
6.666666666666666963e+00,-3.434926708842786613e+00,-9.210880674890894682e+01
6.676676676676676969e+00,-4.354447514962785704e+00,-9.172844591083898536e+01
6.686686686686686976e+00,-5.269705719398605659e+00,-9.125722050959997489e+01
6.696696696696696982e+00,-6.179827748565716483e+00,-9.069564215212531622e+01
6.706706706706706989e+00,-7.083945554591897675e+00,-9.004434952656339419e+01
6.716716716716716995e+00,-7.981196615317308840e+00,-8.930410840227743563e+01
6.726726726726727001e+00,-8.870723934294417745e+00,-8.847581162984560876e+01
6.736736736736737008e+00,-9.751676040788062494e+00,-8.756047914106100905e+01
6.746746746746747014e+00,-1.062320698977539202e+01,-8.655925794893160230e+01
6.756756756756757021e+00,-1.148447636194591404e+01,-8.547342214768030999e+01
6.766766766766767027e+00,-1.233464926370147907e+01,-8.430437291274490974e+01
6.776776776776777034e+00,-1.317289632715626091e+01,-8.305363850077813481e+01
6.786786786786787040e+00,-1.399839371013678857e+01,-8.172287424964763147e+01
6.796796796796797047e+00,-1.481032309618193210e+01,-8.031386257843593057e+01
6.806806806806807053e+00,-1.560787169454289014e+01,-7.882851298744044755e+01
6.816816816816817060e+00,-1.639023224018322011e+01,-7.726886205817356768e+01
6.826826826826827066e+00,-1.715660299377879383e+01,-7.563707345336257504e+01
6.836836836836837072e+00,-1.790618774171785788e+01,-7.393543791694963829e+01
6.846846846846847079e+00,-1.863819579610096611e+01,-7.216637327409183911e+01
6.856856856856857085e+00,-1.935184199474103650e+01,-7.033242443116120057e+01
6.866866866866867092e+00,-2.004652581243426468e+01,-6.843562581218402840e+01
6.876876876876877098e+00,-2.072213407560232312e+01,-6.647615756378903029e+01
6.886886886886887105e+00,-2.137803261818991984e+01,-6.445587411142530243e+01
6.896896896896897111e+00,-2.201356110355677842e+01,-6.237683252965832281e+01
6.906906906906907118e+00,-2.262808660399591432e+01,-6.024111405195804281e+01
6.916916916916917124e+00,-2.322100360073364200e+01,-5.805082407069898665e+01
6.926926926926927131e+00,-2.379173398392957495e+01,-5.580809213716022299e+01
6.936936936936937137e+00,-2.433972705267663628e+01,-5.351507196152540047e+01
6.946946946946947143e+00,-2.486445951500102680e+01,-5.117394141288269083e+01
6.956956956956957150e+00,-2.536543548786227831e+01,-4.878690251922481735e+01
6.966966966966967156e+00,-2.584218649715320026e+01,-4.635618146744906909e+01
6.976976976976977163e+00,-2.629427147769990114e+01,-4.388402860335727240e+01
6.986986986986987169e+00,-2.672127677326179906e+01,-4.137271843165582652e+01
6.996996996996997176e+00,-2.712281613653161472e+01,-3.882454961595565379e+01
7.007007007007007182e+00,-2.749853072913535712e+01,-3.624184497877224942e+01
7.017017017017017189e+00,-2.784808912163233785e+01,-3.362695150152565304e+01
7.027027027027027195e+00,-2.817118729351517814e+01,-3.098224032454047006e+01
7.037037037037037202e+00,-2.846754863320979112e+01,-2.831010674704580765e+01
7.047047047047047208e+00,-2.873692393807538892e+01,-2.561297022717539562e+01
7.057057057057057214e+00,-2.897909141440448622e+01,-2.289327438196746201e+01
7.067067067067067221e+00,-2.919385667742288959e+01,-2.015348698736481836e+01
7.077077077077077227e+00,-2.938105275128972949e+01,-1.739609997821479581e+01
7.087087087087087234e+00,-2.954054006909740338e+01,-1.462362944826928945e+01
7.097097097097097240e+00,-2.967220647287163260e+01,-1.183861565018475837e+01
7.107107107107107247e+00,-2.977596721357142684e+01,-9.043622995522222041e+00
7.117117117117117253e+00,-2.985176495108910544e+01,-6.241240054747216881e+00
7.127127127127127260e+00,-2.989956975425027963e+01,-3.434079557229859248e+00
7.137137137137137266e+00,-2.991937910081385965e+01,-6.247783912447888444e-01
7.147147147147147273e+00,-2.991121787747205474e+01,2.184002396028752457e+00
7.157157157157157279e+00,-2.987513837985038734e+01,4.989577598507074718e+00
7.167167167167167285e+00,-2.981124580967405535e+01,7.789938298882396417e+00
7.177177177177177292e+00,-2.971966675662930157e+01,1.058447983208554888e+01
7.187187187187187298e+00,-2.960042473689122744e+01,1.337070728529054087e+01
7.197197197197197305e+00,-2.945356396444348235e+01,1.614601341175843885e+01
7.207207207207207311e+00,-2.927915623962877945e+01,1.890781560502616898e+01
7.217217217217217318e+00,-2.907730094914889207e+01,2.165355589890658905e+01
7.227227227227227324e+00,-2.884812506606461469e+01,2.438070096748839433e+01
7.237237237237237331e+00,-2.859178314979582325e+01,2.708674212513619750e+01
7.247247247247247337e+00,-2.830845734612142550e+01,2.976919532649049316e+01
7.257257257257257343e+00,-2.799835738717939293e+01,3.242560116646765067e+01
7.267267267267267350e+00,-2.766172059146673590e+01,3.505352488025996394e+01
7.277277277277277356e+00,-2.729881186383952496e+01,3.765055634333555190e+01
7.287287287287287363e+00,-2.690992369551287311e+01,4.021431007143846159e+01
7.297297297297297369e+00,-2.649537616406096063e+01,4.274242522058864324e+01
7.307307307307307376e+00,-2.605551693341699249e+01,4.523256558708186503e+01
7.317317317317317382e+00,-2.559072125387324803e+01,4.768241960748987651e+01
7.327327327327327389e+00,-2.510139196208104906e+01,5.008970035866023807e+01
7.337337337337337395e+00,-2.458795948105077045e+01,5.245214555771642750e+01
7.347347347347347402e+00,-2.405088182015182952e+01,5.476751756205781163e+01
7.357357357357357408e+00,-2.349064457511270376e+01,5.703360336935963204e+01
7.367367367367367414e+00,-2.290776092802092023e+01,5.924821461757304064e+01
7.377377377377377421e+00,-2.230277164732304840e+01,6.140918758492501439e+01
7.387387387387387427e+00,-2.167624508782472859e+01,6.351438318991849741e+01
7.397397397397397434e+00,-2.102877719069062934e+01,6.556168699133229438e+01
7.407407407407407440e+00,-2.036099148344447585e+01,6.754900918822107769e+01
7.417417417417417447e+00,-1.967353907996905704e+01,6.947428461991539450e+01
7.427427427427427453e+00,-1.896709868050620784e+01,7.133547276602175202e+01
7.437437437437437460e+00,-1.824237657165679849e+01,7.313055774642241147e+01
7.447447447447447466e+00,-1.750010662638076653e+01,7.485754832127565805e+01
7.457457457457457473e+00,-1.674105030399709904e+01,7.651447789101563046e+01
7.467467467467467479e+00,-1.596599665018382552e+01,7.809940449635229243e+01
7.477477477477477485e+00,-1.517576229697803214e+01,7.961041081827156063e+01
7.487487487487487492e+00,-1.437119146277586701e+01,8.104560417803517680e+01
7.497497497497497498e+00,-1.355299605349839709e+01,8.240367039407473726e+01
7.507507507507507505e+00,-1.272151091548216684e+01,8.368457089998295828e+01
7.517517517517517511e+00,-1.187755187535473667e+01,8.488655807080198201e+01
7.527527527527527518e+00,-1.102198010290093144e+01,8.600785675351296788e+01
7.537537537537537524e+00,-1.015565870510776669e+01,8.704682130201385348e+01
7.547547547547547531e+00,-9.279452726164464593e+00,8.800193557711932613e+01
7.557557557557557537e+00,-8.394229147462434426e+00,8.887181294656083708e+01
7.567567567567567544e+00,-7.500856887595277911e+00,8.965519628498665838e+01
7.577577577577577550e+00,-6.600206802358809632e+00,9.035095797396176920e+01
7.587587587587587556e+00,-5.693151684751018848e+00,9.095809990196795525e+01
7.597597597597597563e+00,-4.780566264972105017e+00,9.147575346440373778e+01
7.607607607607607569e+00,-3.863327210424451597e+00,9.190317956358444462e+01
7.617617617617617576e+00,-2.942313125712654465e+00,9.223976860874215333e+01
7.627627627627627582e+00,-2.018404552643493055e+00,9.248504051602570541e+01
7.637637637637637589e+00,-1.092483970225936352e+00,9.263864470850070632e+01
7.647647647647647595e+00,-1.654357946711655925e-01,9.270036011614955385e+01
7.657657657657657602e+00,7.618536206074520978e-01,9.267009517587140977e+01
7.667667667667667608e+00,1.688495984994356824e+00,9.254788783148217135e+01
7.677677677677677615e+00,2.613601070671780935e+00,9.233390553371454246e+01
7.687687687687687621e+00,3.536276712619771168e+00,9.202844524021797668e+01
7.697697697697697627e+00,4.455628808616183711e+00,9.163193341555871996e+01
7.707707707707707634e+00,5.370761319236659226e+00,9.114492603121973957e+01
7.717717717717717640e+00,6.280776267854661477e+00,9.056810856560082357e+01
7.727727727727727647e+00,7.184773740641447581e+00,8.990229600401850973e+01
7.737737737737737653e+00,8.081851886566088439e+00,8.914843283870607138e+01
7.747747747747747660e+00,8.971106917395454516e+00,8.830759306881358839e+01
7.757757757757757666e+00,9.851633107694203417e+00,8.738098020040791880e+01
7.767767767767767673e+00,1.072252279482483495e+01,8.636992724647265618e+01
7.777777777777777679e+00,1.158286637894761917e+01,8.527589672690818645e+01
7.787787787787787686e+00,1.243175232302065147e+01,8.410048066853165949e+01
7.797797797797797692e+00,1.326826715279981350e+01,8.284540060507696069e+01
7.807807807807807698e+00,1.409149545683880689e+01,8.151250757719479623e+01
7.817817817817817705e+00,1.490057817189595291e+01,8.010365651754671035e+01
7.827827827827827711e+00,1.569527238882058739e+01,7.861940107972284864e+01
7.837837837837837718e+00,1.647493294817314435e+01,7.706107492542003001e+01
7.847847847847847724e+00,1.723876490932015670e+01,7.543041014996529725e+01
7.857857857857857731e+00,1.798599887028426636e+01,7.372918006947341496e+01
7.867867867867867737e+00,1.871589096774421890e+01,7.195919922084679854e+01
7.877877877877877744e+00,1.942772287703486356e+01,7.012232336177562786e+01
7.887887887887887750e+00,2.012080181214714614e+01,6.822044947073771937e+01
7.897897897897897757e+00,2.079446052572813031e+01,6.625551574699861135e+01
7.907907907907907763e+00,2.144805730908097630e+01,6.422950161061156393e+01
7.917917917917917769e+00,2.208097599216495510e+01,6.214442770241748804e+01
7.927927927927927776e+00,2.269262594359544138e+01,6.000235588404505194e+01
7.937937937937937782e+00,2.328244207064389926e+01,5.780538923791056760e+01
7.947947947947947789e+00,2.384988481923792492e+01,5.555567206721807594e+01
7.957957957957957795e+00,2.439444017396119690e+01,5.325538989595931838e+01
7.967967967967967802e+00,2.491561965805350809e+01,5.090676946891372268e+01
7.977977977977977808e+00,2.541296033341075145e+01,4.851207875164841710e+01
7.987987987987987815e+00,2.588602480058492716e+01,4.607362693051823754e+01
7.997997997997997821e+00,2.633440119878413910e+01,4.359376441266569913e+01
8.008008008008008716e+00,2.675770320587263740e+01,4.107488282602082563e+01
8.018018018018018722e+00,2.715557003837066929e+01,3.851941501930197376e+01
8.028028028028028729e+00,2.752766645145467450e+01,3.592983506201455413e+01
8.038038038038038735e+00,2.787368273895718929e+01,3.330865824445188395e+01
8.048048048048048742e+00,2.819333473336683937e+01,3.065844107769500582e+01
8.058058058058058748e+00,2.848636380582835059e+01,2.798178129361261668e+01
8.068068068068068754e+00,2.875253686614257020e+01,2.528131784486114952e+01
8.078078078078078761e+00,2.899164636276643847e+01,2.255973090488471300e+01
8.088088088088088767e+00,2.920351028281300287e+01,1.981974186791513759e+01
8.098098098098098774e+00,2.938797215205141100e+01,1.706411334897194720e+01
8.108108108108108780e+00,2.954490733258773005e+01,1.429559588576383433e+01
8.118118118118118787e+00,2.967438616349000213e+01,1.151522417704132728e+01
8.128128128128128793e+00,2.977632836648724535e+01,8.724682359274149590e+00
8.138138138138138800e+00,2.985057346748706308e+01,5.926430275138363513e+00
8.148148148148148806e+00,2.989698986469412034e+01,3.122921237012765250e+00
8.158158158158158813e+00,2.991547482861015439e+01,3.166020269788655805e-01
8.168168168168168819e+00,2.990595450203399608e+01,-2.490087103179100314e+00
8.178178178178178825e+00,2.986838390006152366e+01,-5.294712431974176070e+00
8.188188188188188832e+00,2.980274691008571253e+01,-8.094846768216690691e+00
8.198198198198198838e+00,2.970905629179660323e+01,-1.088806945101422841e+01
8.208208208208208845e+00,2.958735367718131215e+01,-1.367196634977168124e+01
8.218218218218218851e+00,2.943770957052403148e+01,-1.644412986419118994e+01
8.228228228228228858e+00,2.926022334840602923e+01,-1.920215892427219728e+01
8.238238238238238864e+00,2.905502325970564215e+01,-2.194365899031141254e+01
8.248248248248248871e+00,2.882226642559828989e+01,-2.466624205290281324e+01
8.258258258258258877e+00,2.856213883955646438e+01,-2.736752663293770738e+01
8.268268268268268884e+00,2.827485536734972627e+01,-3.004513778160457349e+01
8.278278278278278890e+00,2.796065974704471913e+01,-3.269670708038928808e+01
8.288288288288288896e+00,2.761982458900515525e+01,-3.531987264107491598e+01
8.298298298298298903e+00,2.725265137589182984e+01,-3.791227910574185245e+01
8.308308308308308909e+00,2.685947046266260330e+01,-4.047157764676775571e+01
8.318318318318318916e+00,2.644064107657241891e+01,-4.299542596682755402e+01
8.328328328328328922e+00,2.599655131717328516e+01,-4.548148829889348121e+01
8.338338338338338929e+00,2.552761815631430053e+01,-4.792743540623499143e+01
8.348348348348348935e+00,2.503428743814161805e+01,-5.033094458241885150e+01
8.358358358358358942e+00,2.451703387909848075e+01,-5.268969965130914801e+01
8.368368368368368948e+00,2.397636106792520394e+01,-5.500139096706716657e+01
8.378378378378378954e+00,2.341280146565917164e+01,-5.726371541415153388e+01
8.388388388388388961e+00,2.282691640563485436e+01,-5.947437640731811115e+01
8.398398398398398967e+00,2.221929609348378776e+01,-6.163108389162006517e+01
8.408408408408408974e+00,2.159055960713457623e+01,-6.373155434240779726e+01
8.418418418418418980e+00,2.094135489681291062e+01,-6.577351076532909246e+01
8.428428428428428987e+00,2.027235878504156119e+01,-6.775468269632887086e+01
8.438438438438438993e+00,1.958427489102698971e+01,-6.967281633143822717e+01
8.448448448448449000e+00,1.887748105433478685e+01,-7.152727767755163768e+01
8.458458458458459006e+00,1.815243228301527267e+01,-7.331681180204675741e+01
8.468468468468469013e+00,1.740983910950289371e+01,-7.503899946819103661e+01
8.478478478478479019e+00,1.665042260933876506e+01,-7.669153841094009749e+01
8.488488488488489025e+00,1.587491440117071484e+01,-7.827224333693783365e+01
8.498498498498499032e+00,1.508405664675322022e+01,-7.977904592451631061e+01
8.508508508508509038e+00,1.427860205094745716e+01,-8.120999482369582267e+01
8.518518518518519045e+00,1.345931386172128263e+01,-8.256325565618487872e+01
8.528528528528529051e+00,1.262696587014923644e+01,-8.383711101538021637e+01
8.538538538538539058e+00,1.178234241041253760e+01,-8.502996046636675942e+01
8.548548548548549064e+00,1.092623835979908975e+01,-8.614032054591763199e+01
8.558558558558559071e+00,1.005945913870347752e+01,-8.716682476249424383e+01
8.568568568568569077e+00,9.182820710626966587e+00,-8.810822359624613398e+01
8.578578578578579084e+00,8.297149582177508975e+00,-8.896338449901111289e+01
8.588588588588589090e+00,7.403282803069729745e+00,-8.973129189431516295e+01
8.598598598598599096e+00,6.502067966124952747e+00,-9.041104717737252372e+01
8.608608608608609103e+00,5.594363207271165983e+00,-9.100186871508563513e+01
8.618618618618619109e+00,4.681037205543052693e+00,-9.150309184604512325e+01
8.628628628628629116e+00,3.762969183081971813e+00,-9.191416888052984291e+01
8.638638638638639122e+00,2.841048905135966862e+00,-9.223466910050687773e+01
8.648648648648649129e+00,1.916176680059763049e+00,-9.246427875963151166e+01
8.658658658658659135e+00,9.892633593147633908e-01,-9.260280108324724324e+01
8.668668668668669142e+00,6.123033746906483832e-02,-9.265015626838578555e+01
8.678678678678679148e+00,-8.669904478025706185e-01,-9.260638148376705203e+01
8.688688688688689155e+00,-1.794456515718677370e+00,-9.247163086979922753e+01
8.698698698698699161e+00,-2.720214842391118104e+00,-9.224617553857862617e+01
8.708708708708709167e+00,-3.643301860825087335e+00,-9.193040357388984773e+01
8.718718718718719174e+00,-4.562743460919079119e+00,-9.152482003120564968e+01
8.728728728728729180e+00,-5.477554989464903379e+00,-9.103004693768701827e+01
8.738738738738739187e+00,-6.386741250147701443e+00,-9.044682329218321115e+01
8.748748748748749193e+00,-7.289296503545923400e+00,-8.977600506523161528e+01
8.758758758758759200e+00,-8.184340604785946383e+00,-8.901852228096716146e+01
8.768768768768769206e+00,-9.071568313174221743e+00,-8.817516187231315428e+01
8.778778778778779213e+00,-9.950131778836835750e+00,-8.724686856587801742e+01
8.788788788788789219e+00,-1.081911106402345268e+01,-8.623468256449446301e+01
8.798798798798799226e+00,-1.167760830097722291e+01,-8.513971587386683382e+01
8.808808808808809232e+00,-1.252474769193479531e+01,-8.396315230257107487e+01
8.818818818818819238e+00,-1.335967550912629775e+01,-8.270624746205473343e+01
8.828828828828829245e+00,-1.418156009477536550e+01,-8.137032876663697323e+01
8.838838838838839251e+00,-1.498959186109910746e+01,-7.995679543350857443e+01
8.848848848848849258e+00,-1.578298329030813996e+01,-7.846711848273193368e+01
8.858858858858859264e+00,-1.656096893460655295e+01,-7.690284073724104985e+01
8.868868868868869271e+00,-1.732280541619194381e+01,-7.526557682284152406e+01
8.878878878878879277e+00,-1.806777142725539065e+01,-7.355701316821061653e+01
8.888888888888889284e+00,-1.879516772998146124e+01,-7.177890800489713286e+01
8.898898898898899290e+00,-1.950431715654822185e+01,-6.993309136732153775e+01
8.908908908908909297e+00,-2.019456460912722662e+01,-6.802146509277588393e+01
8.918918918918919303e+00,-2.086527705988351755e+01,-6.604600282142386902e+01
8.928928928928929309e+00,-2.151584355097563517e+01,-6.400874999630073603e+01
8.938938938938939316e+00,-2.214567519455559008e+01,-6.191182386331342258e+01
8.948948948948949322e+00,-2.275420517276891630e+01,-5.975741347124041880e+01
8.958958958958959329e+00,-2.334088873775461082e+01,-5.754777967173185260e+01
8.968968968968969335e+00,-2.390520321164518336e+01,-5.528525511930946124e+01
8.978978978978979342e+00,-2.444664798656660665e+01,-5.297224427136656288e+01
8.988988988988989348e+00,-2.496474452463838034e+01,-5.061122338816815613e+01
8.998998998998999355e+00,-2.545903635797346354e+01,-4.820474053285077787e+01
9.009009009009009361e+00,-2.592908908867831741e+01,-4.575541557142263116e+01
9.019019019019019368e+00,-2.637449038885291230e+01,-4.326594017276349291e+01
9.029029029029029374e+00,-2.679485000059066735e+01,-4.073907780862476358e+01
9.039039039039039380e+00,-2.718979973597853217e+01,-3.817766375362948139e+01
9.049049049049049387e+00,-2.755899347709693004e+01,-3.558460508527224420e+01
9.059059059059059393e+00,-2.790210717601977208e+01,-3.296288068391933734e+01
9.069069069069069400e+00,-2.821886534907898181e+01,-3.031532976908485821e+01
9.079079079079079406e+00,-2.850928926105489936e+01,-2.764225059475187152e+01
9.089089089089089413e+00,-2.877315164629249722e+01,-2.494529229615943677e+01
9.099099099099099419e+00,-2.901015318137050514e+01,-2.222681404487765988e+01
9.109109109109109426e+00,-2.922002353089206395e+01,-1.948917779353605795e+01
9.119119119119119432e+00,-2.940252134748478952e+01,-1.673474827582359481e+01
9.129129129129129439e+00,-2.955743427180070526e+01,-1.396589300648863663e+01
9.139139139139139445e+00,-2.968457893251628121e+01,-1.118498228133898209e+01
9.149149149149149451e+00,-2.978380094633243758e+01,-8.394389177241851741e+00
9.159159159159159458e+00,-2.985497491797450920e+01,-5.596489552123897759e+00
9.169169169169169464e+00,-2.989800444019229886e+01,-2.793662044971172875e+00
9.179179179179179471e+00,-2.991282209376001333e+01,1.171192417080597382e-02
9.189189189189189477e+00,-2.989938944747633442e+01,2.817248154197144583e+00
9.199199199199199484e+00,-2.985769705816435149e+01,5.620559662943485968e+00
9.209209209209209490e+00,-2.978776447067161115e+01,8.419256687186065236e+00
9.219219219219219497e+00,-2.968964021787008889e+01,1.121094668264171546e+01
9.229229229229229503e+00,-2.956340182065618905e+01,1.399323432396780476e+01
9.239239239239239510e+00,-2.940915578795079099e+01,1.676372150476229805e+01
9.249249249249249516e+00,-2.922703761669916034e+01,1.952000733756374729e+01
9.259259259259259522e+00,-2.901721179187104838e+01,2.225968815385125055e+01
9.269269269269269529e+00,-2.877987178646061039e+01,2.498035750404450894e+01
9.279279279279279535e+00,-2.851524006148645896e+01,2.767960615750380526e+01
9.289289289289289542e+00,-2.822356806599163903e+01,3.035502210252995781e+01
9.299299299299299548e+00,-2.790513623704363155e+01,3.300419054636441984e+01
9.309309309309309555e+00,-2.756025399973436052e+01,3.562469391518915529e+01
9.319319319319319561e+00,-2.718925976718018234e+01,3.821411185412674882e+01
9.329329329329329568e+00,-2.679252094052189648e+01,4.077002122724037037e+01
9.339339339339339574e+00,-2.637043390892473838e+01,4.328999611753372534e+01
9.349349349349349581e+00,-2.592342404957838653e+01,4.577160782695111862e+01
9.359359359359359587e+00,-2.545194572769694830e+01,4.821242487637744034e+01
9.369369369369369593e+00,-2.495648229651897765e+01,5.061001300563813743e+01
9.379379379379379600e+00,-2.443754609730745386e+01,5.296193517349918523e+01
9.389389389389389606e+00,-2.389567389616766846e+01,5.526578209627378868e+01
9.399399399399399613e+00,-2.333115544015813114e+01,5.752080454796342224e+01
9.409409409409409619e+00,-2.274436755485247730e+01,5.972531405612299693e+01
9.419419419419419626e+00,-2.213585037762070939e+01,6.187663497703908888e+01
9.429429429429429632e+00,-2.150616151140607002e+01,6.397218361623381355e+01
9.439439439439439639e+00,-2.085587602472502056e+01,6.600946822846474049e+01
9.449449449449449645e+00,-2.018558645166728027e+01,6.798608901772490754e+01
9.459459459459459651e+00,-1.949590279189577302e+01,6.989973813724287766e+01
9.469469469469469658e+00,-1.878745251064666988e+01,7.174819968948263238e+01
9.479479479479479664e+00,-1.806088053872936783e+01,7.352934972614369258e+01
9.489489489489489671e+00,-1.731684927252649686e+01,7.524115624816104742e+01
9.499499499499499677e+00,-1.655603857399391288e+01,7.688167920570512592e+01
9.509509509509509684e+00,-1.577914577066072255e+01,7.844907049818189648e+01
9.519519519519519690e+00,-1.498688565562923536e+01,7.994157397423278155e+01
9.529529529529529697e+00,-1.417999048757501690e+01,8.135752543173468609e+01
9.539539539539539703e+00,-1.335920999074685511e+01,8.269535261780001179e+01
9.549549549549549710e+00,-1.252531135496676384e+01,8.395357522877661438e+01
9.559559559559559716e+00,-1.167907923563000594e+01,8.513080491024787477e+01
9.569569569569569722e+00,-1.082131575370505772e+01,8.622574525703258530e+01
9.579579579579579729e+00,-9.952840495733628501e+00,8.723719181318509186e+01
9.589589589589589735e+00,-9.074490513830674843e+00,8.816403207199520864e+01
9.599599599599599742e+00,-8.187120325684373867e+00,8.900524547598818970e+01
9.609609609609609748e+00,-7.291601914556128605e+00,8.975990341692478580e+01
9.619619619619619755e+00,-6.388824729280588421e+00,9.042716923580127286e+01
9.629629629629629761e+00,-5.479695684265620592e+00,9.100629822284936665e+01
9.639639639639639768e+00,-4.565139159492338727e+00,9.149663761753627966e+01
9.649649649649649774e+00,-3.646097000515073461e+00,9.189762660856469267e+01
9.659659659659659781e+00,-2.723528518461387549e+00,9.220879633387278318e+01
9.669669669669669787e+00,-1.798410490032096298e+00,9.242976988063421118e+01
9.679679679679679793e+00,-8.717371575012249352e-01,9.256026228525810495e+01
9.689689689689689800e+00,5.547977128397403590e-02,9.260008053338910372e+01
9.699699699699699806e+00,9.823200588271865374e-01,9.254921001010515624e+01
9.709709709709709813e+00,1.908355987699241751e+00,9.240811401434284278e+01
9.719719719719719819e+00,2.832686234580690243e+00,9.217694848679386155e+01
9.729729729729729826e+00,3.754336170170711640e+00,9.185589777574179493e+01
9.739739739739739832e+00,4.672346974484351101e+00,9.144524686160102078e+01
9.749749749749749839e+00,5.585775636852522652e+00,9.094538135691668401e+01
9.759759759759759845e+00,6.493694955922007850e+00,9.035678750636476764e+01
9.769769769769769852e+00,7.395193539655456227e+00,8.968005218675199330e+01
9.779779779779779858e+00,8.289375805331383518e+00,8.891586290701593498e+01
9.789789789789789864e+00,9.175361979544181423e+00,8.806500780822491947e+01
9.799799799799799871e+00,1.005228809820409452e+01,8.712837566357809749e+01
9.809809809809809877e+00,1.091930600653725136e+01,8.610695587840540099e+01
9.819819819819819884e+00,1.177558335908563691e+01,8.500183849016755744e+01
9.829829829829829890e+00,1.262030361970710679e+01,8.381421416845610395e+01
9.839839839839839897e+00,1.345266606157538725e+01,8.254537421499337313e+01
9.849849849849849903e+00,1.427188576718007162e+01,8.119671056363246464e+01
9.859859859859859910e+00,1.507719362832662213e+01,7.976971578035728783e+01
9.869869869869869916e+00,1.586783634613636451e+01,7.826598306328257593e+01
9.879879879879879923e+00,1.664307643104649159e+01,7.668720624265381502e+01
9.889889889889889929e+00,1.740219220281007040e+01,7.503517978084732931e+01
9.899899899899899935e+00,1.814447779049602971e+01,7.331179877237018161e+01
9.909909909909909942e+00,1.886924313248917429e+01,7.151905894386028706e+01
9.919919919919919948e+00,1.957581397649017774e+01,6.965905665408632785e+01
9.929929929929929955e+00,2.026353187951555768e+01,6.773398889394776745e+01
9.939939939939939961e+00,2.093175420789772545e+01,6.574615328647493584e+01
9.949949949949949968e+00,2.157985413728495061e+01,6.369794808682885900e+01
9.959959959959959974e+00,2.220722065264138934e+01,6.159187218230142946e+01
9.969969969969969981e+00,2.281325854824702759e+01,5.943052509231529967e+01
9.979979979979979987e+00,2.339738842769773441e+01,5.721660696842396732e+01
9.989989989989989994e+00,2.395904670390527258e+01,5.495291859431163317e+01
1.000000000000000000e+01,2.449768559909724530e+01,5.264236138579337876e+01
